country_code,NUTS3_2006,NUTS3_2010,NUTS3_2013,NUTS3_2016,id,Comment
AT,AT124,AT124,AT124,AT124,AUT_3,
AT,AT125,AT125,AT125,AT125,AUT_3,
AT,AT126,AT126,AT126,AT126,AUT_3,
AT,AT127,AT127,AT127,AT127,AUT_3,
AT,AT130,AT130,AT130,AT130,AUT_3,
AT,AT211,AT211,AT211,AT211,AUT_1,
AT,AT213,AT213,AT213,AT213,AUT_2,
AT,AT221,AT221,AT221,AT221,AUT_2,
AT,AT222,AT222,AT222,AT222,AUT_2,
AT,AT223,AT223,AT223,AT223,AUT_2,
AT,AT224,AT224,AT224,AT224,AUT_2,
AT,AT225,AT225,AT225,AT225,AUT_2,
AT,AT226,AT226,AT226,AT226,AUT_2,
AT,AT123,AT123,AT123,AT123,AUT_3,
AT,AT311,AT311,AT311,AT311,AUT_2,
AT,AT313,AT313,AT313,AT313,AUT_2,
AT,AT314,AT314,AT314,AT314,AUT_2,
AT,AT315,AT315,AT315,AT315,AUT_2,
AT,AT321,AT321,AT321,AT321,AUT_1,
AT,AT322,AT322,AT322,AT322,AUT_1,
AT,AT323,AT323,AT323,AT323,AUT_1,
AT,AT331,AT331,AT331,AT331,AUT_1,
AT,AT332,AT332,AT332,AT332,AUT_1,
AT,AT333,AT333,AT333,AT333,AUT_1,
AT,AT334,AT334,AT334,AT334,AUT_1,
AT,AT335,AT335,AT335,AT335,AUT_1,
AT,AT341,AT341,AT341,AT341,AUT_1,
AT,AT342,AT342,AT342,AT342,AUT_1,
AT,AT312,AT312,AT312,AT312,AUT_2,
AT,AT122,AT122,AT122,AT122,AUT_3,
AT,AT212,AT212,AT212,AT212,AUT_1,
AT,AT113,AT113,AT113,AT113,AUT_3,
AT,AT111,AT111,AT111,AT111,AUT_3,
AT,AT121,AT121,AT121,AT121,AUT_3,
AT,AT112,AT112,AT112,AT112,AUT_3,
CH,CH053,CH053,CH053,CH053,CHE_1,
CH,CH011,CH011,CH011,CH011,CHE_1,
CH,CH012,CH012,CH012,CH012,CHE_2,
CH,CH013,CH013,CH013,CH013,CHE_1,
CH,CH021,CH021,CH021,CH021,CHE_1,
CH,CH022,CH022,CH022,CH022,CHE_1,
CH,CH023,CH023,CH023,CH023,CHE_1,
CH,CH031,CH031,CH031,CH031,CHE_1,
CH,CH032,CH032,CH032,CH032,CHE_1,
CH,CH033,CH033,CH033,CH033,CHE_1,
CH,CH040,CH040,CH040,CH040,CHE_1,
CH,CH051,CH051,CH051,CH051,CHE_1,
CH,CH052,CH052,CH052,CH052,CHE_1,
CH,CH024,CH024,CH024,CH024,CHE_1,
CH,CH025,CH025,CH025,CH025,CHE_1,
CH,CH055,CH055,CH055,CH055,CHE_1,
CH,CH070,CH070,CH070,CH070,CHE_2,
CH,CH056,CH056,CH056,CH056,CHE_2,
CH,CH057,CH057,CH057,CH057,CHE_1,
CH,CH061,CH061,CH061,CH061,CHE_1,
CH,CH054,CH054,CH054,CH054,CHE_1,
CH,CH062,CH062,CH062,CH062,CHE_2,
CH,CH063,CH063,CH063,CH063,CHE_1,
CH,CH064,CH064,CH064,CH064,CHE_1,
CH,CH065,CH065,CH065,CH065,CHE_1,
CH,CH066,CH066,CH066,CH066,CHE_1,
CZ,CZ053,CZ053,CZ053,CZ053,CZE_2,
CZ,CZ010,CZ010,CZ010,CZ010,CZE_1,
CZ,CZ020,CZ020,CZ020,CZ020,CZE_1,
CZ,CZ031,CZ031,CZ031,CZ031,CZE_1,
CZ,CZ032,CZ032,CZ032,CZ032,CZE_1,
CZ,CZ041,CZ041,CZ041,CZ041,CZE_1,
CZ,CZ042,CZ042,CZ042,CZ042,CZE_1,
CZ,CZ051,CZ051,CZ051,CZ051,CZE_1,
CZ,CZ080,CZ080,CZ080,CZ080,CZE_2,
CZ,CZ072,CZ072,CZ072,CZ072,CZE_2,
CZ,CZ071,CZ071,CZ071,CZ071,CZE_2,
CZ,CZ063,CZ063,CZ063,CZ063,CZE_2,
CZ,CZ064,CZ064,CZ064,CZ064,CZE_2,
CZ,CZ052,CZ052,CZ052,CZ052,CZE_1,
DE,DE942,DE942,DE942,DE942,DEU_1,
DE,DEA55,DEA55,DEA55,DEA55,DEU_3,
DE,DEA54,DEA54,DEA54,DEA54,DEU_3,
DE,DEA53,DEA53,DEA53,DEA53,DEU_3,
DE,DEA52,DEA52,DEA52,DEA52,DEU_3,
DE,DEA51,DEA51,DEA51,DEA51,DEU_3,
DE,DEA47,DEA47,DEA47,DEA47,DEU_3,
DE,DEA46,DEA46,DEA46,DEA46,DEU_3,
DE,DEA45,DEA45,DEA45,DEA45,DEU_3,
DE,DEA44,DEA44,DEA44,DEA44,DEU_3,
DE,DEA43,DEA43,DEA43,DEA43,DEU_3,
DE,DEA42,DEA42,DEA42,DEA42,DEU_3,
DE,DEA56,DEA56,DEA56,DEA56,DEU_3,
DE,DEA41,DEA41,DEA41,DEA41,DEU_3,
DE,DEA37,DEA37,DEA37,DEA37,DEU_3,
DE,DEA36,DEA36,DEA36,DEA36,DEU_3,
DE,DEA35,DEA35,DEA35,DEA35,DEU_3,
DE,DEA34,DEA34,DEA34,DEA34,DEU_3,
DE,DEA33,DEA33,DEA33,DEA33,DEU_3,
DE,DEA32,DEA32,DEA32,DEA32,DEU_3,
DE,DEA31,DEA31,DEA31,DEA31,DEU_3,
DE,,DEA2D,DEA2D,DEA2D,DEU_3,
DE,DEA2C,DEA2C,DEA2C,DEA2C,DEU_3,
DE,DEA2B,DEA2B,DEA2B,DEA2B,DEU_3,
DE,DEA2A,DEA2A,DEA2A,DEA2A,DEU_3,
DE,DEA38,DEA38,DEA38,DEA38,DEU_3,
DE,DEA29,DEA29,DEA29,DEA29,DEU_3,
DE,DEA57,DEA57,DEA57,DEA57,DEU_3,
DE,DEA59,DEA59,DEA59,DEA59,DEU_3,
DE,DEB35,DEB35,DEB35,DEB35,DEU_5,
DE,DEB34,DEB34,DEB34,DEB34,DEU_5,
DE,DEB33,DEB33,DEB33,DEB33,DEU_5,
DE,DEB32,DEB32,DEB32,DEB32,DEU_5,
DE,DEB31,DEB31,DEB31,DEB31,DEU_5,
DE,DEB25,DEB25,DEB25,DEB25,DEU_5,
DE,DEB24,DEB24,DEB24,DEB24,DEU_5,
DE,DEB23,DEB23,DEB23,DEB23,DEU_5,
DE,DEB22,DEB22,DEB22,DEB22,DEU_5,
DE,DEB21,DEB21,DEB21,DEB21,DEU_5,
DE,DEB1B,DEB1B,DEB1B,DEB1B,DEU_5,
DE,DEA58,DEA58,DEA58,DEA58,DEU_3,
DE,DEB1A,DEB1A,DEB1A,DEB1A,DEU_5,
DE,DEB18,DEB18,DEB18,DEB18,DEU_5,
DE,DEB17,DEB17,DEB17,DEB17,DEU_5,
DE,DEB16,DEB16,DEB16,DEB1C,DEU_5,
DE,DEB15,DEB15,DEB15,DEB15,DEU_5,
DE,DEB14,DEB14,DEB14,DEB14,DEU_5,
DE,DEB13,DEB13,DEB13,DEB13,DEU_5,
DE,DEB12,DEB12,DEB12,DEB12,DEU_5,
DE,DEB11,DEB11,DEB11,DEB11,DEU_5,
DE,DEA5C,DEA5C,DEA5C,DEA5C,DEU_3,
DE,DEA5B,DEA5B,DEA5B,DEA5B,DEU_3,
DE,DEA5A,DEA5A,DEA5A,DEA5A,DEU_3,
DE,DEB19,DEB19,DEB19,DEB1D,DEU_5,
DE,DE943,DE943,DE943,DE943,DEU_1,
DE,DEA28,DEA28,DEA28,DEA28,DEU_3,
DE,DEA26,DEA26,DEA26,DEA26,DEU_3,
DE,DE947,DE947,DE947,DE947,DEU_1,
DE,DE946,DE946,DE946,DE946,DEU_1,
DE,DE944,DE944,DE944,DE944,DEU_1,
DE,DE91B,DE91B,DE91B,DE91B,DEU_1,
DE,DE922,DE922,DE922,DE922,DEU_1,
DE,DE923,DE923,DE923,DE923,DEU_1,
DE,DE925,DE925,DE925,DE925,DEU_1,
DE,DE926,DE926,DE926,DE926,DEU_1,
DE,DE927,DE927,DE927,DE927,DEU_1,
DE,DEB36,DEB36,DEB36,DEB36,DEU_5,
DE,DE928,DE928,DE928,DE928,DEU_1,
DE,DE948,DE948,DE948,DE948,DEU_1,
DE,DE929,DE929,DE929,DE929,DEU_1,
DE,DE932,DE932,DE932,DE932,DEU_1,
DE,DE933,DE933,DE933,DE933,DEU_1,
DE,DE934,DE934,DE934,DE934,DEU_1,
DE,DE935,DE935,DE935,DE935,DEU_1,
DE,DE936,DE936,DE936,DE936,DEU_1,
DE,DE937,DE937,DE937,DE937,DEU_1,
DE,DE938,DE938,DE938,DE938,DEU_1,
DE,DE939,DE939,DE939,DE939,DEU_1,
DE,DE93A,DE93A,DE93A,DE93A,DEU_1,
DE,DE93B,DE93B,DE93B,DE93B,DEU_1,
DE,DE941,DE941,DE941,DE941,DEU_1,
DE,DE931,DE931,DE931,DE931,DEU_1,
DE,DEA27,DEA27,DEA27,DEA27,DEU_3,
DE,DE949,DE949,DE949,DE949,DEU_1,
DE,DE94B,DE94B,DE94B,DE94B,DEU_1,
DE,DEA24,DEA24,DEA24,DEA24,DEU_3,
DE,DEA23,DEA23,DEA23,DEA23,DEU_3,
DE,DEA22,DEA22,DEA22,DEA22,DEU_3,
DE,DEA1F,DEA1F,DEA1F,DEA1F,DEU_3,
DE,DEA1E,DEA1E,DEA1E,DEA1E,DEU_3,
DE,DEA1D,DEA1D,DEA1D,DEA1D,DEU_3,
DE,DEA1C,DEA1C,DEA1C,DEA1C,DEU_3,
DE,DEA1B,DEA1B,DEA1B,DEA1B,DEU_3,
DE,DEA1A,DEA1A,DEA1A,DEA1A,DEU_3,
DE,DEA19,DEA19,DEA19,DEA19,DEU_3,
DE,DEA18,DEA18,DEA18,DEA18,DEU_3,
DE,DE94A,DE94A,DE94A,DE94A,DEU_1,
DE,DEA17,DEA17,DEA17,DEA17,DEU_3,
DE,DEA15,DEA15,DEA15,DEA15,DEU_3,
DE,DEA14,DEA14,DEA14,DEA14,DEU_3,
DE,DEA13,DEA13,DEA13,DEA13,DEU_3,
DE,DEA12,DEA12,DEA12,DEA12,DEU_3,
DE,DEA11,DEA11,DEA11,DEA11,DEU_3,
DE,DE94H,DE94H,DE94H,DE94H,DEU_1,
DE,DE94G,DE94G,DE94G,DE94G,DEU_1,
DE,DE94F,DE94F,DE94F,DE94F,DEU_1,
DE,DE94E,DE94E,DE94E,DE94E,DEU_1,
DE,DE94D,DE94D,DE94D,DE94D,DEU_1,
DE,DE94C,DE94C,DE94C,DE94C,DEU_1,
DE,DEA16,DEA16,DEA16,DEA16,DEU_3,
DE,DEB37,DEB37,DEB37,DEB37,DEU_5,
DE,DEE08,DEE08,DEE08,DEE08,DEU_4,
DE,DEB39,DEB39,DEB39,DEB39,DEU_5,
DE,DEG0N,DEG0N,DEG0N,DEG0N,DEU_4,
DE,DEG0M,DEG0M,DEG0M,DEG0M,DEU_4,
DE,DEG0L,DEG0L,DEG0L,DEG0L,DEU_4,
DE,DEG0K,DEG0K,DEG0K,DEG0K,DEU_4,
DE,DEG0J,DEG0J,DEG0J,DEG0J,DEU_4,
DE,DEG0I,DEG0I,DEG0I,DEG0I,DEU_4,
DE,DEG0H,DEG0H,DEG0H,DEG0H,DEU_4,
DE,DEG0G,DEG0G,DEG0G,DEG0G,DEU_4,
DE,DEG0F,DEG0F,DEG0F,DEG0F,DEU_4,
DE,DEG0E,DEG0E,DEG0E,DEG0E,DEU_4,
DE,DEG0D,DEG0D,DEG0D,DEG0D,DEU_4,
DE,DEG0P,DEG0P,DEG0P,DEG0P,DEU_4,
DE,DEG0C,DEG0C,DEG0C,DEG0C,DEU_4,
DE,DEG0A,DEG0A,DEG0A,DEG0A,DEU_4,
DE,DEG09,DEG09,DEG09,DEG09,DEU_4,
DE,DEG07,DEG07,DEG07,DEG07,DEU_4,
DE,DEG06,DEG06,DEG06,DEG06,DEU_4,
DE,DEG05,DEG05,DEG05,DEG05,DEU_4,
DE,DEG04,DEG04,DEG04,DEG04,DEU_4,
DE,DEG03,DEG03,DEG03,DEG03,DEU_4,
DE,DEG02,DEG02,DEG02,DEG02,DEU_4,
DE,DEG01,DEG01,DEG01,DEG01,DEU_4,
DE,DEF0F,DEF0F,DEF0F,DEF0F,DEU_1,
DE,DEF0E,DEF0E,DEF0E,DEF0E,DEU_1,
DE,DEG0B,DEG0B,DEG0B,DEG0B,DEU_4,
DE,,,,DE91C,DEU_1,
DE,DED1A,,,,DEU_4,
DE,DED19,,,,DEU_4,
DE,DE801,DE801,,,DEU_2,
DE,DE802,DE802,,,DEU_2,
DE,DE805,DE805,,,DEU_2,
DE,DE806,DE806,,,DEU_2,
DE,DE807,DE807,,,DEU_2,
DE,DE808,DE808,,,DEU_2,
DE,DE809,DE809,,,DEU_2,
DE,DE80A,DE80A,,,DEU_2,
DE,DE80B,DE80B,,,DEU_2,
DE,DE80C,DE80C,,,DEU_2,
DE,DE80D,DE80D,,,DEU_2,
DE,DE80E,DE80E,,,DEU_2,
DE,DE80F,DE80F,,,DEU_2,
DE,DE80G,DE80G,,,DEU_2,
DE,DE80H,DE80H,,,DEU_2,
DE,DE80I,DE80I,,,DEU_2,
DE,DEA21,,,,DEU_3,
DE,DEA25,,,,DEU_3,
DE,DED12,,,,DEU_4,
DE,DED13,,,,DEU_4,
DE,DED14,,,,DEU_4,
DE,DED15,,,,DEU_4,
DE,DED16,,,,DEU_4,
DE,DED17,,,,DEU_4,
DE,DED18,,,,DEU_4,
DE,DEF0D,DEF0D,DEF0D,DEF0D,DEU_1,
DE,DEB38,DEB38,DEB38,DEB38,DEU_5,
DE,DEF0C,DEF0C,DEF0C,DEF0C,DEU_1,
DE,DEF0A,DEF0A,DEF0A,DEF0A,DEU_1,
DE,,DED42,DED42,DED42,DEU_4,
DE,DED11,DED41,DED41,DED41,DEU_4,
DE,,DED2F,DED2F,DED2F,DEU_4,
DE,,DED2E,DED2E,DED2E,DEU_4,
DE,,DED2D,DED2D,DED2D,DEU_4,
DE,,DED2C,DED2C,DED2C,DEU_4,
DE,DED21,DED21,DED21,DED21,DEU_4,
DE,DEC06,DEC06,DEC06,DEC06,DEU_5,
DE,DEC05,DEC05,DEC05,DEC05,DEU_5,
DE,DEC04,DEC04,DEC04,DEC04,DEU_5,
DE,DEC03,DEC03,DEC03,DEC03,DEU_5,
DE,,DED43,DED43,DED43,DEU_4,
DE,DEC02,DEC02,DEC02,DEC02,DEU_5,
DE,DEB3K,DEB3K,DEB3K,DEB3K,DEU_5,
DE,DEB3J,DEB3J,DEB3J,DEB3J,DEU_5,
DE,DEB3I,DEB3I,DEB3I,DEB3I,DEU_5,
DE,DEB3H,DEB3H,DEB3H,DEB3H,DEU_5,
DE,DEB3G,DEB3G,DEB3G,DEB3G,DEU_5,
DE,DEB3F,DEB3F,DEB3F,DEB3F,DEU_5,
DE,DEB3E,DEB3E,DEB3E,DEB3E,DEU_5,
DE,DEB3D,DEB3D,DEB3D,DEB3D,DEU_5,
DE,DEB3C,DEB3C,DEB3C,DEB3C,DEU_5,
DE,DEB3B,DEB3B,DEB3B,DEB3B,DEU_5,
DE,DEB3A,DEB3A,DEB3A,DEB3A,DEU_5,
DE,DEC01,DEC01,DEC01,DEC01,DEU_5,
DE,,DED44,DED44,DED44,DEU_4,
DE,,DED45,DED45,DED45,DEU_4,
DE,DED31,DED51,DED51,DED51,DEU_4,
DE,DEF09,DEF09,DEF09,DEF09,DEU_1,
DE,DEF08,DEF08,DEF08,DEF08,DEU_1,
DE,DEF07,DEF07,DEF07,DEF07,DEU_1,
DE,DEF06,DEF06,DEF06,DEF06,DEU_1,
DE,DEF05,DEF05,DEF05,DEF05,DEU_1,
DE,DEF04,DEF04,DEF04,DEF04,DEU_1,
DE,DEF03,DEF03,DEF03,DEF03,DEU_1,
DE,DEF02,DEF02,DEF02,DEF02,DEU_1,
DE,DEF01,DEF01,DEF01,DEF01,DEU_1,
DE,DEE0E,DEE0E,DEE0E,DEE0E,DEU_4,
DE,DEE0D,DEE0D,DEE0D,DEE0D,DEU_2,
DE,DEE0C,DEE0C,DEE0C,DEE0C,DEU_4,
DE,DEE0B,DEE0B,DEE0B,DEE0B,DEU_4,
DE,DEE0A,DEE0A,DEE0A,DEE0A,DEU_4,
DE,DEE09,DEE09,DEE09,DEE09,DEU_4,
DE,DE91A,DE91A,DE91A,DE91A,DEU_1,
DE,DEE07,DEE07,DEE07,DEE07,DEU_2,
DE,DEE06,DEE06,DEE06,DEE06,DEU_2,
DE,DEE05,DEE05,DEE05,DEE05,DEU_4,
DE,DEE04,DEE04,DEE04,DEE04,DEU_2,
DE,DEE03,DEE03,DEE03,DEE03,DEU_2,
DE,DEE02,DEE02,DEE02,DEE02,DEU_4,
DE,DEE01,DEE01,DEE01,DEE01,DEU_4,
DE,,DED53,DED53,DED53,DEU_4,
DE,,DED52,DED52,DED52,DEU_4,
DE,DEF0B,DEF0B,DEF0B,DEF0B,DEU_1,
DE,DE919,DE919,DE919,,DEU_1,
DE,DE945,DE945,DE945,DE945,DEU_1,
DE,DE917,DE917,DE917,DE917,DEU_1,
DE,DE21J,DE21J,DE21J,DE21J,DEU_7,
DE,DE21I,DE21I,DE21I,DE21I,DEU_7,
DE,DE21H,DE21H,DE21H,DE21H,DEU_7,
DE,DE21G,DE21G,DE21G,DE21G,DEU_7,
DE,DE21F,DE21F,DE21F,DE21F,DEU_7,
DE,DE21E,DE21E,DE21E,DE21E,DEU_7,
DE,DE21D,DE21D,DE21D,DE21D,DEU_7,
DE,DE21C,DE21C,DE21C,DE21C,DEU_7,
DE,DE21B,DE21B,DE21B,DE21B,DEU_7,
DE,DE21A,DE21A,DE21A,DE21A,DEU_7,
DE,DE219,DE219,DE219,DE219,DEU_7,
DE,DE21K,DE21K,DE21K,DE21K,DEU_7,
DE,DE218,DE218,DE218,DE218,DEU_7,
DE,DE216,DE216,DE216,DE216,DEU_7,
DE,DE215,DE215,DE215,DE215,DEU_7,
DE,DE214,DE214,DE214,DE214,DEU_7,
DE,DE213,DE213,DE213,DE213,DEU_7,
DE,DE212,DE212,DE212,DE212,DEU_7,
DE,DE211,DE211,DE211,DE211,DEU_7,
DE,DE149,DE149,DE149,DE149,DEU_6,
DE,DE148,DE148,DE148,DE148,DEU_6,
DE,DE147,DE147,DE147,DE147,DEU_6,
DE,DE146,DE146,DE146,DE146,DEU_6,
DE,DE145,DE145,DE145,DE145,DEU_6,
DE,DE217,DE217,DE217,DE217,DEU_7,
DE,DE144,DE144,DE144,DE144,DEU_6,
DE,DE21L,DE21L,DE21L,DE21L,DEU_7,
DE,DE21N,DE21N,DE21N,DE21N,DEU_7,
DE,DE242,DE242,DE242,DE242,DEU_7,
DE,DE241,DE241,DE241,DE241,DEU_7,
DE,DE23A,DE23A,DE23A,DE23A,DEU_7,
DE,DE239,DE239,DE239,DE239,DEU_7,
DE,DE238,DE238,DE238,DE238,DEU_7,
DE,DE237,DE237,DE237,DE237,DEU_7,
DE,DE236,DE236,DE236,DE236,DEU_7,
DE,DE235,DE235,DE235,DE235,DEU_7,
DE,DE234,DE234,DE234,DE234,DEU_7,
DE,DE233,DE233,DE233,DE233,DEU_7,
DE,DE232,DE232,DE232,DE232,DEU_7,
DE,DE21M,DE21M,DE21M,DE21M,DEU_7,
DE,DE231,DE231,DE231,DE231,DEU_7,
DE,DE22B,DE22B,DE22B,DE22B,DEU_7,
DE,DE22A,DE22A,DE22A,DE22A,DEU_7,
DE,DE229,DE229,DE229,DE229,DEU_7,
DE,DE228,DE228,DE228,DE228,DEU_7,
DE,DE227,DE227,DE227,DE227,DEU_7,
DE,DE226,DE226,DE226,DE226,DEU_7,
DE,DE225,DE225,DE225,DE225,DEU_7,
DE,DE224,DE224,DE224,DE224,DEU_7,
DE,DE223,DE223,DE223,DE223,DEU_7,
DE,DE222,DE222,DE222,DE222,DEU_7,
DE,DE221,DE221,DE221,DE221,DEU_7,
DE,DE22C,DE22C,DE22C,DE22C,DEU_7,
DE,DE243,DE243,DE243,DE243,DEU_7,
DE,DE143,DE143,DE143,DE143,DEU_6,
DE,DE141,DE141,DE141,DE141,DEU_6,
DE,DE117,DE117,DE117,DE117,DEU_6,
DE,DE116,DE116,DE116,DE116,DEU_6,
DE,DE115,DE115,DE115,DE115,DEU_6,
DE,DE114,DE114,DE114,DE114,DEU_6,
DE,DE113,DE113,DE113,DE113,DEU_6,
DE,DE112,DE112,DE112,DE112,DEU_6,
DE,DE111,DE111,DE111,DE111,DEU_6,
DE,DED1B,,,,DEU_4,
DE,DED1C,,,,DEU_4,
DE,DED22,,,,DEU_4,
DE,DED23,,,,DEU_4,
DE,DE118,DE118,DE118,DE118,DEU_6,
DE,DED24,,,,DEU_4,
DE,DED26,,,,DEU_4,
DE,DED27,,,,DEU_4,
DE,DED28,,,,DEU_4,
DE,DED29,,,,DEU_4,
DE,DED2A,,,,DEU_4,
DE,DED2B,,,,DEU_4,
DE,DED32,,,,DEU_4,
DE,DED33,,,,DEU_4,
DE,DED34,,,,DEU_4,
DE,DED35,,,,DEU_4,
DE,DED36,,,,DEU_4,
DE,DED25,,,,DEU_4,
DE,DE142,DE142,DE142,DE142,DEU_6,
DE,DE119,DE119,DE119,DE119,DEU_6,
DE,DE11B,DE11B,DE11B,DE11B,DEU_6,
DE,DE13A,DE13A,DE13A,DE13A,DEU_6,
DE,DE139,DE139,DE139,DE139,DEU_6,
DE,DE138,DE138,DE138,DE138,DEU_6,
DE,DE137,DE137,DE137,DE137,DEU_6,
DE,DE136,DE136,DE136,DE136,DEU_6,
DE,DE135,DE135,DE135,DE135,DEU_6,
DE,DE134,DE134,DE134,DE134,DEU_6,
DE,DE133,DE133,DE133,DE133,DEU_6,
DE,DE132,DE132,DE132,DE132,DEU_6,
DE,DE918,DE918,DE918,DE918,DEU_1,
DE,DE12C,DE12C,DE12C,DE12C,DEU_6,
DE,DE11A,DE11A,DE11A,DE11A,DEU_6,
DE,DE12B,DE12B,DE12B,DE12B,DEU_6,
DE,DE129,DE129,DE129,DE129,DEU_6,
DE,DE128,DE128,DE128,DE128,DEU_6,
DE,DE127,DE127,DE127,DE127,DEU_6,
DE,DE126,DE126,DE126,DE126,DEU_6,
DE,DE125,DE125,DE125,DE125,DEU_6,
DE,DE124,DE124,DE124,DE124,DEU_6,
DE,DE123,DE123,DE123,DE123,DEU_6,
DE,DE122,DE122,DE122,DE122,DEU_6,
DE,DE121,DE121,DE121,DE121,DEU_6,
DE,DE11D,DE11D,DE11D,DE11D,DEU_6,
DE,DE11C,DE11C,DE11C,DE11C,DEU_6,
DE,DE12A,DE12A,DE12A,DE12A,DEU_6,
DE,DE244,DE244,DE244,DE244,DEU_7,
DE,DE131,DE131,DE131,DE131,DEU_6,
DE,DE246,DE246,DE246,DE246,DEU_7,
DE,DE71B,DE71B,DE71B,DE71B,DEU_5,
DE,DE71A,DE71A,DE71A,DE71A,DEU_5,
DE,DE719,DE719,DE719,DE719,DEU_5,
DE,DE718,DE718,DE718,DE718,DEU_5,
DE,DE717,DE717,DE717,DE717,DEU_5,
DE,DE716,DE716,DE716,DE716,DEU_5,
DE,DE715,DE715,DE715,DE715,DEU_5,
DE,DE714,DE714,DE714,DE714,DEU_5,
DE,DE713,DE713,DE713,DE713,DEU_5,
DE,DE712,DE712,DE712,DE712,DEU_5,
DE,DE711,DE711,DE711,DE711,DEU_5,
DE,DE600,DE600,DE600,DE600,DEU_1,
DE,DE502,DE502,DE502,DE502,DEU_1,
DE,DE501,DE501,DE501,DE501,DEU_1,
DE,DE418,DE40I,DE40I,DE40I,DEU_2,
DE,DE42A,DE40H,DE40H,DE40H,DEU_2,
DE,DE429,DE40G,DE40G,DE40G,DEU_4,
DE,DE417,DE40F,DE40F,DE40F,DEU_2,
DE,DE428,DE40E,DE40E,DE40E,DEU_2,
DE,DE416,DE40D,DE40D,DE40D,DEU_2,
DE,DE415,DE40C,DE40C,DE40C,DEU_2,
DE,DE427,DE40B,DE40B,DE40B,DEU_4,
DE,DE414,DE40A,DE40A,DE40A,DEU_2,
DE,DE71C,DE71C,DE71C,DE71C,DEU_5,
DE,DE71D,DE71D,DE71D,DE71D,DEU_5,
DE,DE71E,DE71E,DE71E,DE71E,DEU_5,
DE,DE721,DE721,DE721,DE721,DEU_5,
DE,DE737,DE737,DE737,DE737,DEU_5,
DE,DE736,DE736,DE736,DE736,DEU_5,
DE,,,DE80J,DE80J,DEU_2,
DE,DE735,DE735,DE735,DE735,DEU_5,
DE,DE734,DE734,DE734,DE734,DEU_5,
DE,DE733,DE733,DE733,DE733,DEU_5,
DE,DE732,DE732,DE732,DE732,DEU_5,
DE,DE731,DE731,DE731,DE731,DEU_5,
DE,DE725,DE725,DE725,DE725,DEU_5,
DE,,,DE80K,DE80K,DEU_2,
DE,,,DE80L,DE80L,DEU_2,
DE,DE413,DE409,DE409,DE409,DEU_2,
DE,,,DE80M,DE80M,DEU_2,
DE,,,DE80O,DE80O,DEU_2,
DE,DE911,DE911,DE911,DE911,DEU_1,
DE,DE912,DE912,DE912,DE912,DEU_1,
DE,DE913,DE913,DE913,DE913,DEU_1,
DE,DE914,DE914,DE914,DE914,DEU_1,
DE,DE915,DE915,DE915,,DEU_1,
DE,DE916,DE916,DE916,DE916,DEU_1,
DE,DE724,DE724,DE724,DE724,DEU_5,
DE,DE723,DE723,DE723,DE723,DEU_5,
DE,DE245,DE245,DE245,DE245,DEU_7,
DE,DE722,DE722,DE722,DE722,DEU_5,
DE,,,DE80N,DE80N,DEU_2,
DE,DE804,DE804,DE804,DE804,DEU_2,
DE,DE426,DE408,DE408,DE408,DEU_2,
DE,DE424,DE406,DE406,DE406,DEU_2,
DE,DE264,DE264,DE264,DE264,DEU_7,
DE,DE263,DE263,DE263,DE263,DEU_7,
DE,DE262,DE262,DE262,DE262,DEU_7,
DE,DE261,DE261,DE261,DE261,DEU_7,
DE,DE25C,DE25C,DE25C,DE25C,DEU_7,
DE,DE25B,DE25B,DE25B,DE25B,DEU_7,
DE,DE25A,DE25A,DE25A,DE25A,DEU_7,
DE,DE259,DE259,DE259,DE259,DEU_7,
DE,DE258,DE258,DE258,DE258,DEU_7,
DE,DE257,DE257,DE257,DE257,DEU_7,
DE,DE256,DE256,DE256,DE256,DEU_7,
DE,DE255,DE255,DE255,DE255,DEU_7,
DE,DE254,DE254,DE254,DE254,DEU_7,
DE,DE253,DE253,DE253,DE253,DEU_7,
DE,DE252,DE252,DE252,DE252,DEU_7,
DE,DE251,DE251,DE251,DE251,DEU_7,
DE,DE24D,DE24D,DE24D,DE24D,DEU_7,
DE,DE24C,DE24C,DE24C,DE24C,DEU_7,
DE,DE24B,DE24B,DE24B,DE24B,DEU_7,
DE,DE24A,DE24A,DE24A,DE24A,DEU_7,
DE,DE249,DE249,DE249,DE249,DEU_7,
DE,DE248,DE248,DE248,DE248,DEU_7,
DE,DE247,DE247,DE247,DE247,DEU_7,
DE,DE265,DE265,DE265,DE265,DEU_7,
DE,DE266,DE266,DE266,DE266,DEU_7,
DE,DE267,DE267,DE267,DE267,DEU_7,
DE,DE268,DE268,DE268,DE268,DEU_7,
DE,DE412,DE405,DE405,DE405,DEU_2,
DE,DE423,DE404,DE404,DE404,DEU_2,
DE,DE411,DE403,DE403,DE403,DEU_2,
DE,DE422,DE402,DE402,DE402,DEU_4,
DE,DE421,DE401,DE401,DE401,DEU_2,
DE,DE300,DE300,DE300,DE300,DEU_2,
DE,DE27E,DE27E,DE27E,DE27E,DEU_7,
DE,DE27D,DE27D,DE27D,DE27D,DEU_7,
DE,DE27C,DE27C,DE27C,DE27C,DEU_7,
DE,DE27B,DE27B,DE27B,DE27B,DEU_7,
DE,DE27A,DE27A,DE27A,DE27A,DEU_7,
DE,DE425,DE407,DE407,DE407,DEU_4,
DE,DE279,DE279,DE279,DE279,DEU_7,
DE,DE277,DE277,DE277,DE277,DEU_7,
DE,DE276,DE276,DE276,DE276,DEU_7,
DE,DE275,DE275,DE275,DE275,DEU_7,
DE,DE274,DE274,DE274,DE274,DEU_7,
DE,DE273,DE273,DE273,DE273,DEU_7,
DE,DE272,DE272,DE272,DE272,DEU_7,
DE,DE271,DE271,DE271,DE271,DEU_7,
DE,DE26C,DE26C,DE26C,DE26C,DEU_7,
DE,DE26B,DE26B,DE26B,DE26B,DEU_7,
DE,DE26A,DE26A,DE26A,DE26A,DEU_7,
DE,DE269,DE269,DE269,DE269,DEU_7,
DE,DE278,DE278,DE278,DE278,DEU_7,
DE,DE803,DE803,DE803,DE803,DEU_2,
DK,DK022,DK022,DK022,DK022,DNK_2,
DK,DK014,DK014,DK014,DK014,DNK_2,
DK,DK050,DK050,DK050,DK050,DNK_1,
DK,DK042,DK042,DK042,DK042,DNK_1,
DK,DK041,DK041,DK041,DK041,DNK_1,
DK,DK032,DK032,DK032,DK032,DNK_1,
DK,DK031,DK031,DK031,DK031,DNK_1,
DK,DK021,DK021,DK021,DK021,DNK_2,
DK,DK013,DK013,DK013,DK013,DNK_2,
DK,DK012,DK012,DK012,DK012,DNK_2,
DK,DK011,DK011,DK011,DK011,DNK_2,
ES,ES424,ES424,ES424,ES424,ESP_3,
ES,ES423,ES423,ES423,ES423,ESP_11,
ES,ES431,ES431,ES431,ES431,ESP_8,
ES,ES425,ES425,ES425,ES425,ESP_8,
ES,ES422,ES422,ES422,ES422,ESP_8,
ES,ES416,ES416,ES416,ES416,ESP_3,
ES,ES419,ES419,ES419,ES419,ESP_2,
ES,ES418,ES418,ES418,ES418,ESP_3,
ES,ES417,ES417,ES417,ES417,ESP_3,
ES,ES432,ES432,ES432,ES432,ESP_8,
ES,ES415,ES415,ES415,ES415,ESP_2,
ES,ES421,ES421,ES421,ES421,ESP_11,
ES,ES511,ES511,ES511,ES511,ESP_6,
ES,ES523,ES523,ES523,ES523,ESP_11,
ES,ES513,ES513,ES513,ES513,ESP_6,
ES,ES514,ES514,ES514,ES514,ESP_6,
ES,ES521,ES521,ES521,ES521,ESP_11,
ES,ES522,ES522,ES522,ES522,ESP_11,
ES,ES414,ES414,ES414,ES414,ESP_3,
ES,ES611,ES611,ES611,ES611,ESP_10,
ES,ES612,ES612,ES612,ES612,ESP_9,
ES,ES613,ES613,ES613,ES613,ESP_10,
ES,ES614,ES614,ES614,ES614,ESP_10,
ES,ES615,ES615,ES615,ES615,ESP_9,
ES,ES616,ES616,ES616,ES616,ESP_10,
ES,ES617,ES617,ES617,ES617,ESP_9,
ES,ES618,ES618,ES618,ES618,ESP_9,
ES,ES620,ES620,ES620,ES620,ESP_11,
ES,ES512,ES512,ES512,ES512,ESP_6,
ES,ES413,ES413,ES413,ES413,ESP_2,
ES,ES230,ES230,ES230,ES230,ESP_4,
ES,ES411,ES411,ES411,ES411,ESP_3,
ES,ES412,ES412,ES412,ES412,ESP_3,
ES,ES111,ES111,ES111,ES111,ESP_1,Incorrectly assigned to ESP_2 in e-Highways data
ES,ES112,ES112,ES112,ES112,ESP_1,
ES,ES113,ES113,ES113,ES113,ESP_1,Incorrectly assigned to ESP_3 in e-Highways data
ES,ES120,ES120,ES120,ES120,ESP_2,
ES,ES130,ES130,ES130,ES130,ESP_2,
ES,ES211,ES211,ES211,ES211,ESP_4,
ES,ES114,ES114,ES114,ES114,ESP_1,
ES,ES213,ES213,ES213,ES213,ESP_4,
ES,ES220,ES220,ES220,ES220,ESP_4,
ES,ES241,ES241,ES241,ES241,ESP_5,
ES,ES242,ES242,ES242,ES242,ESP_5,
ES,ES243,ES243,ES243,ES243,ESP_5,
ES,ES300,ES300,ES300,ES300,ESP_7,
ES,ES212,ES212,ES212,ES212,ESP_4,
FI,FI134,FI1D4,FI1D4,FI1D8,FIN_1,NUTS region was previously shared with 75_FI; now all given to 74_FI
FI,FI197,FI197,FI197,FI197,FIN_2,
FI,FI200,FI200,FI200,FI200,FIN_2,
FI,FI1A3,FI1D7,FI1D7,FI1D7,FIN_1,
FI,FI1A2,FI1D6,FI1D6,FI1D9,FIN_1,NUTS region was previously shared with 75_FI; now all given to 74_FI
FI,FI1A1,FI1D5,FI1D5,FI1D5,FIN_2,
FI,FI133,FI1D3,FI1D3,FI1D3,FIN_2,
FI,,FI1B1,FI1B1,FI1B1,FIN_2,
FI,FI131,FI1D1,FI1D1,FI1D1,FIN_2,
FI,FI187,FI1C5,FI1C5,FI1C5,FIN_2,
FI,FI186,FI1C4,FI1C4,FI1C4,FIN_2,
FI,FI185,FI1C3,FI1C3,FI1C3,FIN_2,
FI,FI184,FI1C2,FI1C2,FI1C2,FIN_2,
FI,FI183,FI1C1,FI1C1,FI1C1,FIN_2,
FI,FI132,FI1D2,FI1D2,FI1D2,FIN_2,
FI,FI196,FI196,FI196,FI196,FIN_2,
FI,FI181,,,,FIN_2,
FI,FI194,FI194,FI194,FI194,FIN_2,
FI,FI195,FI195,FI195,FI195,FIN_2,
FI,FI182,,,,FIN_2,
FI,FI193,FI193,FI193,FI193,FIN_2,
FR,FR514,FR514,FR514,FRG04,FRA_4,
FR,FR631,FR631,FR631,FRI21,FRA_2,
FR,FR628,FR628,FR628,FRJ28,FRA_1,
FR,FR627,FR627,FR627,FRJ27,FRA_2,
FR,FR626,FR626,FR626,FRJ26,FRA_1,
FR,FR625,FR625,FR625,FRJ25,FRA_2,
FR,FR624,FR624,FR624,FRJ24,FRA_1,
FR,FR623,FR623,FR623,FRJ23,FRA_1,
FR,FR622,FR622,FR622,FRJ22,FRA_2,
FR,FR621,FR621,FR621,FRJ21,FRA_1,
FR,FR615,FR615,FR615,FRI15,FRA_1,
FR,FR614,FR614,FR614,FRI14,FRA_1,
FR,FR613,FR613,FR613,FRI13,FRA_1,
FR,FR612,FR612,FR612,FRI12,FRA_1,
FR,FR611,FR611,FR611,FRI11,FRA_1,
FR,FR534,FR534,FR534,FRI34,FRA_4,
FR,FR533,FR533,FR533,FRI33,FRA_4,
FR,FR532,FR532,FR532,FRI32,FRA_4,
FR,FR531,FR531,FR531,FRI31,FRA_4,
FR,FR524,FR524,FR524,FRH04,FRA_8,
FR,FR523,FR523,FR523,FRH03,FRA_8,
FR,FR522,FR522,FR522,FRH02,FRA_8,
FR,FR521,FR521,FR521,FRH01,FRA_8,
FR,FR515,FR515,FR515,FRG05,FRA_4,
FR,FR513,FR513,FR513,FRG03,FRA_8,
FR,FR632,FR632,FR632,FRI22,FRA_5,
FR,FR711,FR711,FR711,FRK21,FRA_7,
FR,FR712,FR712,FR712,FRK22,FRA_6,
FR,FR812,FR812,FR812,FRJ12,FRA_3,
FR,FR813,FR813,FR813,FRJ13,FRA_2,
FR,FR814,FR814,FR814,FRJ14,FRA_2,
FR,FR815,FR815,FR815,FRJ15,FRA_2,
FR,FR821,FR821,FR821,FRL01,FRA_3,
FR,FR822,FR822,FR822,FRL02,FRA_7,
FR,FR823,FR823,FR823,FRL03,FRA_3,
FR,FR824,FR824,FR824,FRL04,FRA_3,
FR,FR825,FR825,FR825,FRL05,FRA_3,
FR,FR826,FR826,FR826,FRL06,FRA_3,
FR,FR831,FR831,FR831,FRM01,FRA_15,
FR,FR633,FR633,FR633,FRI23,FRA_5,
FR,FR832,FR832,FR832,FRM02,FRA_15,
FR,FR811,FR811,FR811,FRJ11,FRA_2,
FR,FR724,FR724,FR724,FRK14,FRA_5,
FR,FR723,FR723,FR723,FRK13,FRA_6,
FR,FR722,FR722,FR722,FRK12,FRA_2,
FR,FR721,FR721,FR721,FRK11,FRA_5,
FR,FR718,FR718,FR718,FRK28,FRA_7,
FR,FR717,FR717,FR717,FRK27,FRA_7,
FR,FR716,FR716,FR716,FRK26,FRA_6,
FR,FR715,FR715,FR715,FRK25,FRA_6,
FR,FR714,FR714,FR714,FRK24,FRA_7,
FR,FR713,FR713,FR713,FRK23,FRA_6,
FR,FR512,FR512,FR512,FRG02,FRA_4,
FR,FR511,FR511,FR511,FRG01,FRA_8,
FR,FR301,FR301,FR301,FRE11,FRA_13,
FR,FR433,FR433,FR433,FRC23,FRA_12,
FR,FR241,FR241,FR241,FRB01,FRA_5,
FR,FR232,FR232,FR232,FRD22,FRA_13,
FR,FR231,FR231,FR231,FRD21,FRA_9,
FR,FR223,FR223,FR223,FRE23,FRA_13,
FR,FR222,FR222,FR222,FRE22,FRA_13,
FR,FR221,FR221,FR221,FRE21,FRA_13,
FR,FR214,FR214,FR214,FRF24,FRA_11,
FR,FR213,FR213,FR213,FRF23,FRA_14,
FR,FR242,FR242,FR242,FRB02,FRA_5,
FR,FR212,FR212,FR212,FRF22,FRA_11,
FR,FR108,FR108,FR108,FR108,FRA_10,
FR,FR107,FR107,FR107,FR107,FRA_10,
FR,FR106,FR106,FR106,FR106,FRA_10,
FR,FR105,FR105,FR105,FR105,FRA_10,
FR,FR104,FR104,FR104,FR104,FRA_10,
FR,FR102,FR102,FR102,FR102,FRA_10,
FR,FR101,FR101,FR101,FR101,FRA_10,
FR,FR434,FR434,FR434,FRC24,FRA_12,
FR,FR211,FR211,FR211,FRF21,FRA_14,
FR,FR243,FR243,FR243,FRB03,FRA_5,
FR,FR103,FR103,FR103,FR103,FRA_10,
FR,FR245,FR245,FR245,FRB05,FRA_5,
FR,FR244,FR244,FR244,FRB04,FRA_4,
FR,FR432,FR432,FR432,FRC22,FRA_7,
FR,FR431,FR431,FR431,FRC21,FRA_12,
FR,FR421,FR421,FR421,FRF11,FRA_12,
FR,FR414,FR414,FR414,FRF34,FRA_12,
FR,FR413,FR413,FR413,FRF33,FRA_12,
FR,FR412,FR412,FR412,FRF32,FRA_12,
FR,FR411,FR411,FR411,FRF31,FRA_12,
FR,FR302,FR302,FR302,FRE12,FRA_13,
FR,FR422,FR422,FR422,FRF12,FRA_12,
FR,FR264,FR264,FR264,FRC14,FRA_11,
FR,FR263,FR263,FR263,FRC13,FRA_11,
FR,FR262,FR262,FR262,FRC12,FRA_5,
FR,FR261,FR261,FR261,FRC11,FRA_11,
FR,FR253,FR253,FR253,FRD13,FRA_9,
FR,FR252,FR252,FR252,FRD12,FRA_9,
FR,FR251,FR251,FR251,FRD11,FRA_9,
FR,FR246,FR246,FR246,FRB06,FRA_5,
GR,,,EL305,EL305,GRC_2,
GR,,,EL304,EL304,GRC_2,
GR,,,EL303,EL303,GRC_2,
GR,,,EL302,EL302,GRC_2,
GR,,,EL301,EL301,GRC_2,
GR,GR131,EL131,,,GRC_1,
GR,GR133,EL133,,,GRC_1,
GR,GR214,EL214,,,GRC_1,
GR,GR141,EL141,,,GRC_1,
GR,GR255,EL255,,,GRC_2,
GR,GR144,EL144,,,GRC_1,
GR,GR251,EL251,,,GRC_2,
GR,GR252,EL252,,,GRC_2,
GR,,,EL306,EL306,GRC_2,
GR,GR254,EL254,,,GRC_2,
GR,GR211,EL211,,,GRC_1,
GR,,,EL307,EL307,GRC_2,
GR,GR124,EL124,EL524,EL524,GRC_1,
GR,GR112,EL112,EL512,EL512,GRC_1,
GR,GR213,EL213,EL543,EL543,GRC_1,
GR,GR300,EL300,,,GRC_2,
GR,GR212,EL212,EL542,EL542,GRC_1,
GR,,,EL541,EL541,GRC_1,
GR,GR134,EL134,EL533,EL533,GRC_1,
GR,GR132,EL132,EL532,EL532,GRC_1,
GR,,,EL531,EL531,GRC_1,
GR,GR111,EL111,EL511,EL511,GRC_1,
GR,GR127,EL127,EL527,EL527,GRC_1,
GR,GR125,EL125,EL525,EL525,GRC_1,
GR,GR123,EL123,EL523,EL523,GRC_1,
GR,GR122,EL122,EL522,EL522,GRC_1,
GR,GR121,EL121,EL521,EL521,GRC_1,
GR,GR115,EL115,EL515,EL515,GRC_1,
GR,GR114,EL114,EL514,EL514,GRC_1,
GR,GR113,EL113,EL513,EL513,GRC_1,
GR,GR126,EL126,EL526,EL526,GRC_1,
GR,,,EL611,EL611,GRC_1,
GR,GR142,EL142,EL612,EL612,GRC_1,
GR,GR242,EL242,EL642,EL642,GRC_2,
GR,GR244,EL244,EL644,EL644,GRC_2,
GR,GR243,EL243,EL643,EL643,GRC_2,
GR,GR253,EL253,EL652,EL652,GRC_2,
GR,GR241,EL241,EL641,EL641,GRC_2,
GR,GR233,EL233,EL633,EL633,GRC_2,
GR,GR232,EL232,EL632,EL632,GRC_2,
GR,GR231,EL231,EL631,EL631,GRC_1,
GR,GR143,EL143,EL613,EL613,GRC_2,
GR,,,EL653,EL653,GRC_2,
GR,GR245,EL245,EL645,EL645,GRC_2,
GR,,,EL651,EL651,GRC_2,
IT,ITE42,ITI42,ITI42,ITI42,ITA_3,
IT,ITE43,ITI43,ITI43,ITI43,ITA_3,
IT,ITE44,ITI44,ITI44,ITI44,ITA_3,
IT,ITE45,ITI45,ITI45,ITI45,ITA_3,
IT,ITF41,,,,ITA_4,
IT,ITF42,,,,ITA_4,
IT,ITC45,,,,ITA_1,
IT,,ITC4C,ITC4C,ITC4C,ITA_1,
IT,ITF12,ITF12,ITF12,ITF12,ITA_3,
IT,ITE41,ITI41,ITI41,ITI41,ITA_3,
IT,,ITI35,ITI35,ITI35,ITA_2,
IT,ITE34,ITI34,ITI34,ITI34,ITA_2,
IT,ITE33,ITI33,ITI33,ITI33,ITA_2,
IT,ITE32,ITI32,ITI32,ITI32,ITA_2,
IT,ITE31,ITI31,ITI31,ITI31,ITA_2,
IT,ITE22,ITI22,ITI22,ITI22,ITA_2,
IT,ITE21,ITI21,ITI21,ITI21,ITA_2,
IT,ITE1A,ITI1A,ITI1A,ITI1A,ITA_2,
IT,ITE19,ITI19,ITI19,ITI19,ITA_2,
IT,ITE18,ITI18,ITI18,ITI18,ITA_2,
IT,ITE16,ITI16,ITI16,ITI16,ITA_2,
IT,ITC4B,ITC4B,ITC4B,ITC4B,ITA_1,
IT,ITC4A,ITC4A,ITC4A,ITC4A,ITA_1,
IT,ITC41,ITC41,ITC41,ITC41,ITA_1,
IT,ITC48,ITC48,ITC48,ITC48,ITA_1,
IT,ITC33,ITC33,ITC33,ITC33,ITA_1,
IT,ITC32,ITC32,ITC32,ITC32,ITA_1,
IT,ITC31,ITC31,ITC31,ITC31,ITA_1,
IT,ITC20,ITC20,ITC20,ITC20,ITA_1,
IT,ITC18,ITC18,ITC18,ITC18,ITA_1,
IT,ITC17,ITC17,ITC17,ITC17,ITA_1,
IT,ITC16,ITC16,ITC16,ITC16,ITA_1,
IT,ITC15,ITC15,ITC15,ITC15,ITA_1,
IT,ITC14,ITC14,ITC14,ITC14,ITA_1,
IT,ITC13,ITC13,ITC13,ITC13,ITA_1,
IT,ITC12,ITC12,ITC12,ITC12,ITA_1,
IT,ITC11,ITC11,ITC11,ITC11,ITA_1,
IT,,ITC4D,ITC4D,ITC4D,ITA_1,
IT,ITC34,ITC34,ITC34,ITC34,ITA_1,
IT,ITE15,ITI15,ITI15,ITI15,ITA_2,
IT,ITF11,ITF11,ITF11,ITF11,ITA_3,
IT,ITC42,ITC42,ITC42,ITC42,ITA_1,
IT,ITC43,ITC43,ITC43,ITC43,ITA_1,
IT,ITC44,ITC44,ITC44,ITC44,ITA_1,
IT,ITC46,ITC46,ITC46,ITC46,ITA_1,
IT,ITC47,ITC47,ITC47,ITC47,ITA_1,
IT,ITC49,ITC49,ITC49,ITC49,ITA_1,
IT,ITE14,ITI14,ITI14,ITI14,ITA_2,
IT,ITE17,ITI17,ITI17,ITI17,ITA_2,
IT,ITE12,ITI12,ITI12,ITI12,ITA_2,
IT,ITE13,ITI13,ITI13,ITI13,ITA_2,
IT,ITG16,ITG16,ITG16,ITG16,ITA_5,
IT,ITG15,ITG15,ITG15,ITG15,ITA_5,
IT,ITG14,ITG14,ITG14,ITG14,ITA_5,
IT,ITG13,ITG13,ITG13,ITG13,ITA_5,
IT,ITG12,ITG12,ITG12,ITG12,ITA_5,
IT,ITG11,ITG11,ITG11,ITG11,ITA_5,
IT,ITF65,ITF65,ITF65,ITF65,ITA_4,
IT,ITF64,ITF64,ITF64,ITF64,ITA_4,
IT,ITF63,ITF63,ITF63,ITF63,ITA_4,
IT,ITF62,ITF62,ITF62,ITF62,ITA_4,
IT,ITF61,ITF61,ITF61,ITF61,ITA_4,
IT,ITF52,ITF52,ITF52,ITF52,ITA_4,
IT,ITF51,ITF51,ITF51,ITF51,ITA_4,
IT,,ITF48,ITF48,ITF48,ITA_4,
IT,,ITF47,ITF47,ITF47,ITA_4,
IT,,ITF46,ITF46,ITF46,ITA_4,
IT,ITF45,ITF45,ITF45,ITF45,ITA_4,
IT,ITF44,ITF44,ITF44,ITF44,ITA_4,
IT,ITF43,ITF43,ITF43,ITF43,ITA_4,
IT,ITF35,ITF35,ITF35,ITF35,ITA_3,
IT,ITF34,ITF34,ITF34,ITF34,ITA_3,
IT,ITF33,ITF33,ITF33,ITF33,ITA_3,
IT,ITF32,ITF32,ITF32,ITF32,ITA_3,
IT,ITF31,ITF31,ITF31,ITF31,ITA_3,
IT,ITF22,ITF22,ITF22,ITF22,ITA_4,
IT,ITF21,ITF21,ITF21,ITF21,ITA_4,
IT,ITF14,ITF14,ITF14,ITF14,ITA_3,
IT,ITF13,ITF13,ITF13,ITF13,ITA_3,
IT,ITG18,ITG18,ITG18,ITG18,ITA_5,
IT,ITG19,ITG19,ITG19,ITG19,ITA_5,
IT,ITG17,ITG17,ITG17,ITG17,ITA_5,
IT,ITG26,ITG26,ITG26,ITG26,ITA_6,
IT,ITE11,ITI11,ITI11,ITI11,ITA_2,
IT,ITD59,ITH59,ITH59,ITH59,ITA_1,
IT,ITD58,ITH58,ITH58,ITH58,ITA_1,
IT,ITD57,ITH57,ITH57,ITH57,ITA_1,
IT,ITD56,ITH56,ITH56,ITH56,ITA_1,
IT,ITD55,ITH55,ITH55,ITH55,ITA_1,
IT,ITD54,ITH54,ITH54,ITH54,ITA_1,
IT,ITD53,ITH53,ITH53,ITH53,ITA_1,
IT,ITD52,ITH52,ITH52,ITH52,ITA_1,
IT,ITD51,ITH51,ITH51,ITH51,ITA_1,
IT,ITG25,ITG25,ITG25,ITG25,ITA_6,
IT,ITD43,ITH43,ITH43,ITH43,ITA_1,
IT,ITD42,ITH42,ITH42,ITH42,ITA_1,
IT,ITD41,ITH41,ITH41,ITH41,ITA_1,
IT,ITD44,ITH44,ITH44,ITH44,ITA_1,
IT,ITD36,ITH36,ITH36,ITH36,ITA_1,
IT,ITG27,ITG27,ITG27,ITG27,ITA_6,
IT,ITG28,ITG28,ITG28,ITG28,ITA_6,
IT,ITD37,ITH37,ITH37,ITH37,ITA_1,
IT,ITG2A,ITG2A,ITG2A,ITG2A,ITA_6,
IT,ITG2B,ITG2B,ITG2B,ITG2B,ITA_6,
IT,ITG2C,ITG2C,ITG2C,ITG2C,ITA_6,
IT,ITG29,ITG29,ITG29,ITG29,ITA_6,
IT,ITD20,ITH20,ITH20,ITH20,ITA_1,
IT,ITD31,ITH31,ITH31,ITH31,ITA_1,
IT,ITD32,ITH32,ITH32,ITH32,ITA_1,
IT,ITD33,ITH33,ITH33,ITH33,ITA_1,
IT,ITD34,ITH34,ITH34,ITH34,ITA_1,
IT,ITD35,ITH35,ITH35,ITH35,ITA_1,
IT,ITD10,ITH10,ITH10,ITH10,ITA_1,
NO,NO012,NO012,NO012,NO012,NOR_4,
NO,NO072,NO072,NO072,NO072,NOR_6,
NO,NO011,NO011,NO011,NO011,NOR_4,
NO,NO073,NO073,NO073,NO073,NOR_7,
NO,NO021,NO021,NO021,NO021,NOR_4,
NO,NO022,NO022,NO022,NO022,NOR_4,
NO,NO031,NO031,NO031,NO031,NOR_4,
NO,NO033,NO033,NO033,NO033,NOR_2,
NO,NO034,NO034,NO034,NO034,NOR_2,
NO,NO041,NO041,NO041,NO041,NOR_1,
NO,NO032,NO032,NO032,NO032,NOR_2,
NO,NO043,NO043,NO043,NO043,NOR_1,
NO,NO051,NO051,NO051,NO051,NOR_3,
NO,NO052,NO052,NO052,NO052,NOR_3,
NO,NO053,NO053,NO053,NO053,NOR_5,
NO,NO061,NO061,NO061,,NOR_5,
NO,NO062,NO062,NO062,,NOR_6,
NO,,,,NO060,NOR_5,"Merged from NO-61 and NO062; almost equally NOR_5 and NOR_6"
NO,NO071,NO071,NO071,NO071,NOR_6,
NO,NO042,NO042,NO042,NO042,NOR_1,
PL,PL422,PL422,,,POL_5,
PL,,,,PL926,POL_1,
PL,PL615,PL615,,,POL_5,
PL,PL614,PL614,,,POL_5,
PL,PL631,PL631,,,POL_5,
PL,PL635,PL635,,,POL_5,
PL,PL425,PL425,,,POL_4,
PL,,,PL638,PL638,POL_5,
PL,PL216,PL216,,,POL_3,
PL,PL215,PL215,,,POL_3,
PL,PL522,PL522,,,POL_3,
PL,PL521,PL521,,,POL_3,
PL,PL114,PL114,PL114,PL712,POL_1,
PL,PL122,PL122,,,POL_1,
PL,PL423,PL423,,,POL_4,
PL,,,PL637,PL637,POL_5,
PL,PL345,PL345,PL345,PL843,POL_1,
PL,PL634,PL634,PL634,PL634,POL_5,
PL,PL314,PL314,PL314,PL814,POL_2,
PL,PL315,PL315,PL315,PL815,POL_2,
PL,PL323,PL323,PL323,PL821,POL_2,
PL,PL324,PL324,PL324,PL822,POL_2,
PL,PL325,PL325,PL325,PL823,POL_2,
PL,PL326,PL326,PL326,PL824,POL_2,
PL,PL331,PL331,PL331,PL721,POL_2,
PL,PL332,PL332,PL332,PL722,POL_2,
PL,PL343,PL343,PL343,PL841,POL_1,
PL,PL344,PL344,PL344,PL842,POL_1,
PL,PL411,PL411,PL411,PL411,POL_4,
PL,PL312,PL312,PL312,PL812,POL_2,
PL,PL414,PL414,PL414,PL414,POL_4,
PL,PL416,PL416,PL416,PL416,POL_4,
PL,PL417,PL417,PL417,PL417,POL_4,
PL,PL418,PL418,PL418,PL418,POL_4,
PL,PL424,PL424,PL424,PL424,POL_4,
PL,,,PL426,PL426,POL_4,
PL,,,PL427,PL427,POL_4,
PL,,,PL428,PL428,POL_4,
PL,PL431,PL431,PL431,PL431,POL_4,
PL,PL432,PL432,PL432,PL432,POL_4,
PL,PL514,PL514,PL514,PL514,POL_4,
PL,PL515,PL515,PL515,PL515,POL_4,
PL,PL415,PL415,PL415,PL415,POL_4,
PL,PL516,PL516,PL516,PL516,POL_4,
PL,PL311,PL311,PL311,PL811,POL_2,
PL,PL22B,PL22B,PL22B,PL22B,POL_3,
PL,PL115,PL115,PL115,PL713,POL_1,
PL,PL116,PL116,PL116,PL714,POL_1,
PL,PL117,PL117,PL117,PL715,POL_1,
PL,PL121,PL121,,,POL_1,
PL,PL127,PL127,PL127,PL911,POL_1,
PL,PL128,PL128,PL128,PL921,POL_2,
PL,PL129,PL129,PL129,PL912,POL_1,
PL,PL12A,PL12A,PL12A,PL913,POL_1,
PL,,,PL12B,PL922,POL_1,
PL,,,PL12C,PL923,POL_1,
PL,,,PL12D,PL924,POL_1,
PL,PL22C,PL22C,PL22C,PL22C,POL_3,
PL,,,PL12E,PL925,POL_1,
PL,PL214,PL214,PL214,PL214,POL_3,
PL,PL217,PL217,PL217,PL217,POL_3,
PL,,,PL218,PL218,POL_3,
PL,,,PL219,PL219,POL_3,
PL,,,PL21A,PL21A,POL_3,
PL,PL224,PL224,PL224,PL224,POL_3,
PL,PL225,PL225,PL225,PL225,POL_3,
PL,PL227,PL227,PL227,PL227,POL_3,
PL,PL228,PL228,PL228,PL228,POL_3,
PL,PL229,PL229,PL229,PL229,POL_3,
PL,PL22A,PL22A,PL22A,PL22A,POL_3,
PL,PL213,PL213,PL213,PL213,POL_3,
PL,,,PL636,PL636,POL_5,
PL,PL517,PL517,PL517,PL517,POL_4,
PL,,,PL523,PL523,POL_3,
PL,PL633,PL633,PL633,PL633,POL_5,
PL,PL623,PL623,PL623,PL623,POL_1,
PL,PL518,PL518,PL518,PL518,POL_4,
PL,PL622,PL622,PL622,PL622,POL_5,
PL,PL621,PL621,PL621,PL621,POL_5,
PL,PL113,PL113,PL113,PL711,POL_1,
PL,,,PL618,PL618,POL_5,
PL,,,PL617,PL617,POL_5,
PL,,,PL524,PL524,POL_3,
PL,PL613,PL613,PL613,PL613,POL_5,
PL,,,PL616,PL616,POL_5,
PL,,,PL619,PL619,POL_5,
PT,,,PT170,PT170,PRT_2,
PT,,,PT16J,PT16J,PRT_1,
PT,,,PT16I,PT16I,PRT_2,
PT,,,PT16H,PT16H,PRT_1,
PT,,,PT16G,PT16G,PRT_1,
PT,,,PT16F,PT16F,PRT_2,
PT,,,PT16E,PT16E,PRT_1,
PT,,,PT16D,PT16D,PRT_1,
PT,,,PT11E,PT11E,PRT_1,
PT,PT150,PT150,PT150,PT150,PRT_2,
PT,,,PT11D,PT11D,PRT_1,
PT,,,PT11C,PT11C,PRT_1,
PT,,,PT11B,PT11B,PRT_1,
PT,,,PT11A,PT11A,PRT_1,
PT,,,PT119,PT119,PRT_1,
PT,PT112,PT112,PT112,PT112,PRT_1,
PT,PT111,PT111,PT111,PT111,PRT_1,
PT,PT183,PT183,,,PRT_2,
PT,PT16B,PT16B,PT16B,PT16B,PRT_2,
PT,PT181,PT181,PT181,PT181,PRT_2,
PT,PT184,PT184,PT184,PT184,PRT_2,
PT,PT185,PT185,PT185,PT185,PRT_2,
PT,PT113,PT113,,,PRT_1,
PT,PT114,PT114,,,PRT_1,
PT,PT115,PT115,,,PRT_1,
PT,PT116,PT116,,,PRT_1,
PT,PT117,PT117,,,PRT_1,
PT,PT118,PT118,,,PRT_1,
PT,PT161,PT161,,,PRT_1,
PT,PT162,PT162,,,PRT_1,
PT,PT163,PT163,,,PRT_2,
PT,PT182,PT182,,,PRT_2,
PT,PT164,PT164,,,PRT_1,
PT,PT166,PT166,,,PRT_2,
PT,PT167,PT167,,,PRT_1,
PT,PT168,PT168,,,PRT_1,
PT,PT169,PT169,,,PRT_1,
PT,PT16A,PT16A,,,PRT_1,
PT,PT16C,PT16C,,,PRT_2,
PT,PT171,PT171,,,PRT_2,
PT,PT172,PT172,,,PRT_2,
PT,,,PT186,PT186,PRT_2,
PT,PT165,PT165,,,PRT_1,
PT,,,PT187,PT187,PRT_2,
RO,RO423,RO423,RO423,RO423,ROU_2,
RO,RO413,RO413,RO413,RO413,ROU_2,
RO,RO223,RO223,RO223,RO223,ROU_3,
RO,RO222,RO222,RO222,RO222,ROU_3,
RO,RO216,RO216,RO216,RO216,ROU_3,
RO,RO215,RO215,RO215,RO215,ROU_3,
RO,RO214,RO214,RO214,RO214,ROU_3,
RO,RO213,RO213,RO213,RO213,ROU_3,
RO,RO224,RO224,RO224,RO224,ROU_3,
RO,RO212,RO212,RO212,RO212,ROU_3,
RO,RO126,RO126,RO126,RO126,ROU_1,
RO,RO125,RO125,RO125,RO125,ROU_1,
RO,RO124,RO124,RO124,RO124,ROU_1,
RO,RO123,RO123,RO123,RO123,ROU_1,
RO,RO122,RO122,RO122,RO122,ROU_2,
RO,RO121,RO121,RO121,RO121,ROU_1,
RO,RO211,RO211,RO211,RO211,ROU_3,
RO,RO225,RO225,RO225,RO225,ROU_3,
RO,RO226,RO226,RO226,RO226,ROU_3,
RO,RO311,RO311,RO311,RO311,ROU_2,
RO,RO424,RO424,RO424,RO424,ROU_1,
RO,RO422,RO422,RO422,RO422,ROU_2,
RO,RO421,RO421,RO421,RO421,ROU_1,
RO,RO415,RO415,RO415,RO415,ROU_2,
RO,RO414,RO414,RO414,RO414,ROU_2,
RO,RO412,RO412,RO412,RO412,ROU_2,
RO,RO411,RO411,RO411,RO411,ROU_2,
RO,RO322,RO322,RO322,RO322,ROU_2,
RO,RO321,RO321,RO321,RO321,ROU_2,
RO,RO317,RO317,RO317,RO317,ROU_2,
RO,RO316,RO316,RO316,RO316,ROU_2,
RO,RO315,RO315,RO315,RO315,ROU_3,
RO,RO314,RO314,RO314,RO314,ROU_2,
RO,RO313,RO313,RO313,RO313,ROU_2,
RO,RO312,RO312,RO312,RO312,ROU_3,
RO,RO116,RO116,RO116,RO116,ROU_1,
RO,RO115,RO115,RO115,RO115,ROU_1,
RO,RO221,RO221,RO221,RO221,ROU_3,
RO,RO113,RO113,RO113,RO113,ROU_1,
RO,RO111,RO111,RO111,RO111,ROU_1,
RO,RO114,RO114,RO114,RO114,ROU_1,
RO,RO112,RO112,RO112,RO112,ROU_1,
SE,SE322,SE322,SE322,SE322,SWE_2,
SE,SE121,SE121,SE121,SE121,SWE_3,
SE,SE122,SE122,SE122,SE122,SWE_3,
SE,SE123,SE123,SE123,SE123,SWE_3,
SE,SE124,SE124,SE124,SE124,SWE_3,
SE,SE125,SE125,SE125,SE125,SWE_3,
SE,SE211,SE211,SE211,SE211,SWE_3,
SE,SE212,SE212,SE212,SE212,SWE_4,
SE,SE213,SE213,SE213,SE213,SWE_3,
SE,SE221,SE221,SE221,SE221,SWE_4,
SE,SE110,SE110,SE110,SE110,SWE_3,
SE,SE231,SE231,SE231,SE231,SWE_4,
SE,SE232,SE232,SE232,SE232,SWE_3,
SE,SE311,SE311,SE311,SE311,SWE_3,
SE,SE312,SE312,SE312,SE312,SWE_3,
SE,SE313,SE313,SE313,SE313,SWE_2,
SE,SE321,SE321,SE321,SE321,SWE_2,
SE,SE214,SE214,SE214,SE214,SWE_3,
SE,SE224,SE224,SE224,SE224,SWE_4,
SE,SE332,SE332,SE332,SE332,SWE_1,
SE,SE331,SE331,SE331,SE331,SWE_2,
UK,,,UKD35,UKD35,GBR_3,
UK,,,UKD34,UKD34,GBR_3,
UK,,,UKD33,UKD33,GBR_3,
UK,UKD12,UKD12,UKD12,UKD12,GBR_4,
UK,UKN04,UKN04,UKN04,,GBR_6,
UK,UKC23,UKC23,UKC23,UKC23,GBR_4,
UK,UKC22,UKC22,UKC22,UKC22,GBR_4,
UK,UKC21,UKC21,UKC21,UKC21,GBR_4,
UK,UKC14,UKC14,UKC14,UKC14,GBR_4,
UK,UKC13,UKC13,UKC13,UKC13,GBR_4,
UK,UKD11,UKD11,UKD11,UKD11,GBR_4,
UK,,,UKD36,UKD36,GBR_3,
UK,,,UKD37,UKD37,GBR_3,
UK,UKD41,UKD41,UKD41,UKD41,GBR_3,
UK,UKN03,UKN03,UKN03,,GBR_6,
UK,UKN02,UKN02,UKN02,,GBR_6,
UK,UKN01,UKN01,UKN01,UKN06,GBR_6,
UK,UKC12,UKC12,UKC12,UKC12,GBR_4,
UK,,UKD63,UKD63,UKD63,GBR_3,
UK,UKM65,UKM65,UKM65,UKM65,GBR_5,
UK,UKM64,UKM64,UKM64,UKM64,GBR_5,
UK,UKN05,UKN05,UKN05,,GBR_6,
UK,UKM63,UKM63,UKM63,UKM63,GBR_5,
UK,,UKD62,UKD62,UKD62,GBR_3,
UK,,UKD61,UKD61,UKD61,GBR_3,
UK,,,UKD47,UKD47,GBR_3,
UK,,,UKD46,UKD46,GBR_3,
UK,,,UKD45,UKD45,GBR_3,
UK,,,UKD44,UKD44,GBR_3,
UK,UKD42,UKD42,UKD42,UKD42,GBR_3,
UK,UKM62,UKM62,UKM62,UKM62,GBR_5,
UK,UKM66,UKM66,UKM66,UKM66,GBR_5,
UK,UKD52,UKD72,UKD72,UKD72,GBR_3,
UK,UKM61,UKM61,UKM61,UKM61,GBR_5,
UK,,,,UKN14,GBR_6,
UK,,,,UKN13,GBR_6,
UK,,,,UKN12,GBR_6,
UK,,,,UKN11,GBR_6,
UK,,,,UKN10,GBR_6,
UK,,,,UKN09,GBR_6,
UK,,,,UKN08,GBR_6,
UK,,,,UKN07,GBR_6,
UK,UKG34,,,,GBR_3,
UK,UKD22,,,,GBR_3,
UK,UKE43,,,,GBR_3,
UK,UKD21,,,,GBR_3,
UK,UKD51,,,,GBR_3,
UK,UKD31,UKD31,,,GBR_3,
UK,UKG35,,,,GBR_3,
UK,UKD43,UKD43,,,GBR_3,
UK,UKD32,UKD32,,,GBR_3,
UK,,,,UKN15,GBR_6,
UK,UKH22,,,,GBR_1,
UK,UKH33,UKH33,,,GBR_1,
UK,UKF23,,,,GBR_1,
UK,UKH13,UKH13,,,GBR_1,
UK,UKI21,UKI21,,,GBR_1,
UK,UKC11,UKC11,UKC11,UKC11,GBR_4,
UK,UKI12,UKI12,,,GBR_1,
UK,UKJ23,UKJ23,,,GBR_1,
UK,UKJ24,UKJ24,,,GBR_1,
UK,UKI22,UKI22,,,GBR_1,
UK,UKJ33,UKJ33,,,GBR_1,
UK,UKJ42,UKJ42,,,GBR_1,
UK,UKI23,UKI23,,,GBR_1,
UK,UKI11,UKI11,,,GBR_1,
UK,UKM50,UKM50,UKM50,UKM50,GBR_5,
UK,UKM38,UKM38,UKM38,UKM95,GBR_4,
UK,UKM37,UKM37,UKM37,UKM94,GBR_4,
UK,,UKG37,UKG37,UKG37,GBR_3,
UK,,UKG38,UKG38,UKG38,GBR_3,
UK,,UKG39,UKG39,UKG39,GBR_3,
UK,UKH11,UKH11,UKH11,UKH11,GBR_1,
UK,UKH12,UKH12,UKH12,UKH12,GBR_1,
UK,UKH14,UKH14,UKH14,UKH14,GBR_1,
UK,,,UKH15,UKH15,GBR_1,
UK,,,UKH16,UKH16,GBR_1,
UK,,,UKH17,UKH17,GBR_1,
UK,UKH21,UKH21,UKH21,UKH21,GBR_1,
UK,UKH23,UKH23,UKH23,UKH23,GBR_1,
UK,,UKH24,UKH24,UKH24,GBR_1,
UK,,UKH25,UKH25,UKH25,GBR_1,
UK,UKH31,UKH31,UKH31,UKH31,GBR_1,
UK,,UKG36,UKG36,UKG36,GBR_3,
UK,UKH32,UKH32,UKH32,UKH32,GBR_1,
UK,,,UKH35,UKH35,GBR_1,
UK,,,UKH36,UKH36,GBR_1,
UK,,,UKH37,UKH37,GBR_1,
UK,,,UKI31,UKI31,GBR_1,
UK,,,UKI32,UKI32,GBR_1,
UK,,,UKI33,UKI33,GBR_1,
UK,,,UKI34,UKI34,GBR_1,
UK,,,UKI41,UKI41,GBR_1,
UK,,,UKI42,UKI42,GBR_1,
UK,,,UKI43,UKI43,GBR_1,
UK,,,UKI44,UKI44,GBR_1,
UK,,,UKI45,UKI45,GBR_1,
UK,,,UKI51,UKI51,GBR_1,
UK,,,UKI52,UKI52,GBR_1,
UK,,,UKH34,UKH34,GBR_1,
UK,UKG33,UKG33,UKG33,UKG33,GBR_3,
UK,UKG32,UKG32,UKG32,UKG32,GBR_3,
UK,UKG31,UKG31,UKG31,UKG31,GBR_3,
UK,UKD53,UKD73,UKD73,UKD73,GBR_3,
UK,UKD54,UKD74,UKD74,UKD74,GBR_3,
UK,UKE11,UKE11,UKE11,UKE11,GBR_4,
UK,UKE12,UKE12,UKE12,UKE12,GBR_4,
UK,UKE13,UKE13,UKE13,UKE13,GBR_3,
UK,UKE21,UKE21,UKE21,UKE21,GBR_4,
UK,UKE22,UKE22,UKE22,UKE22,GBR_4,
UK,UKE31,UKE31,UKE31,UKE31,GBR_3,
UK,UKE32,UKE32,UKE32,UKE32,GBR_3,
UK,UKE41,UKE41,UKE41,UKE41,GBR_3,
UK,UKE42,UKE42,UKE42,UKE42,GBR_3,
UK,,UKE44,UKE44,UKE44,GBR_3,
UK,,UKE45,UKE45,UKE45,GBR_3,
UK,UKF11,UKF11,UKF11,UKF11,GBR_3,
UK,UKF12,UKF12,UKF12,UKF12,GBR_3,
UK,UKF13,UKF13,UKF13,UKF13,GBR_3,
UK,UKF14,UKF14,UKF14,UKF14,GBR_3,
UK,UKG24,UKG24,UKG24,UKG24,GBR_3,
UK,UKG23,UKG23,UKG23,UKG23,GBR_3,
UK,UKG22,UKG22,UKG22,UKG22,GBR_3,
UK,UKG21,UKG21,UKG21,UKG21,GBR_3,
UK,UKG13,UKG13,UKG13,UKG13,GBR_3,
UK,UKG12,UKG12,UKG12,UKG12,GBR_3,
UK,,,UKI53,UKI53,GBR_1,
UK,UKG11,UKG11,UKG11,UKG11,GBR_3,
UK,,UKF25,UKF25,UKF25,GBR_1,
UK,,UKF24,UKF24,UKF24,GBR_1,
UK,UKF22,UKF22,UKF22,UKF22,GBR_3,
UK,UKF21,UKF21,UKF21,UKF21,GBR_3,
UK,UKF16,UKF16,UKF16,UKF16,GBR_3,
UK,UKF15,UKF15,UKF15,UKF15,GBR_3,
UK,UKF30,UKF30,UKF30,UKF30,GBR_3,
UK,,UKD71,UKD71,UKD71,GBR_3,
UK,,,UKI54,UKI54,GBR_1,
UK,,,UKI62,UKI62,GBR_1,
UK,UKK30,UKK30,UKK30,UKK30,GBR_2,
UK,UKK41,UKK41,UKK41,UKK41,GBR_2,
UK,UKK42,UKK42,UKK42,UKK42,GBR_2,
UK,UKK43,UKK43,UKK43,UKK43,GBR_2,
UK,UKL11,UKL11,UKL11,UKL11,GBR_3,
UK,UKL12,UKL12,UKL12,UKL12,GBR_3,
UK,UKL13,UKL13,UKL13,UKL13,GBR_3,
UK,UKL14,UKL14,UKL14,UKL14,GBR_3,
UK,UKL15,UKL15,UKL15,UKL15,GBR_3,
UK,UKL16,UKL16,UKL16,UKL16,GBR_3,
UK,UKL17,UKL17,UKL17,UKL17,GBR_3,
UK,UKL18,UKL18,UKL18,UKL18,GBR_3,
UK,UKL21,UKL21,UKL21,UKL21,GBR_3,
UK,UKL22,UKL22,UKL22,UKL22,GBR_3,
UK,UKK23,UKK23,UKK23,UKK23,GBR_2,
UK,UKL23,UKL23,UKL23,UKL23,GBR_3,
UK,UKM21,UKM21,UKM21,UKM71,GBR_5,
UK,UKM22,UKM22,UKM22,UKM72,GBR_5,
UK,UKM23,UKM23,UKM23,UKM73,GBR_4,
UK,UKM24,UKM24,UKM24,UKM91,GBR_4,
UK,UKM25,UKM25,UKM25,UKM75,GBR_4,
UK,UKM26,UKM26,UKM26,UKM76,GBR_5,
UK,UKM27,UKM27,UKM27,UKM77,GBR_5,
UK,UKM28,UKM28,UKM28,UKM78,GBR_4,
UK,UKM31,UKM31,UKM31,UKM81,GBR_5,
UK,UKM32,UKM32,UKM32,UKM92,GBR_4,
UK,UKM33,UKM33,UKM33,UKM93,GBR_4,
UK,UKM34,UKM34,UKM34,UKM82,GBR_5,
UK,UKM35,UKM35,UKM35,UKM83,GBR_5,
UK,UKM36,UKM36,UKM36,UKM84,GBR_5,
UK,UKL24,UKL24,UKL24,UKL24,GBR_3,
UK,UKK22,UKK22,UKK22,UKK22,GBR_2,
UK,UKK21,UKK21,UKK21,UKK21,GBR_2,
UK,UKK15,UKK15,UKK15,UKK15,GBR_2,
UK,,,UKI63,UKI63,GBR_1,
UK,,,UKI71,UKI71,GBR_1,
UK,,,UKI72,UKI72,GBR_1,
UK,,,UKI73,UKI73,GBR_1,
UK,,,UKI74,UKI74,GBR_1,
UK,,,UKI75,UKI75,GBR_1,
UK,UKJ11,UKJ11,UKJ11,UKJ11,GBR_1,
UK,UKJ12,UKJ12,UKJ12,UKJ12,GBR_1,
UK,UKJ13,UKJ13,UKJ13,UKJ13,GBR_1,
UK,UKJ14,UKJ14,UKJ14,UKJ14,GBR_1,
UK,UKJ21,UKJ21,UKJ21,UKJ21,GBR_1,
UK,UKJ22,UKJ22,UKJ22,UKJ22,GBR_1,
UK,,,UKJ25,UKJ25,GBR_1,
UK,,,UKJ26,UKJ26,GBR_1,
UK,,,UKJ27,UKJ27,GBR_1,
UK,,,UKJ28,UKJ28,GBR_1,
UK,UKJ31,UKJ31,UKJ31,UKJ31,GBR_1,
UK,UKK14,UKK14,UKK14,UKK14,GBR_2,
UK,UKK13,UKK13,UKK13,UKK13,GBR_2,
UK,UKK12,UKK12,UKK12,UKK12,GBR_2,
UK,UKK11,UKK11,UKK11,UKK11,GBR_2,
UK,,,UKJ46,UKJ46,GBR_1,
UK,,,UKJ45,UKJ45,GBR_1,
UK,,,UKI61,UKI61,GBR_1,
UK,,,UKJ44,UKJ44,GBR_1,
UK,UKJ41,UKJ41,UKJ41,UKJ41,GBR_1,
UK,,,UKJ37,UKJ37,GBR_1,
UK,,,UKJ36,UKJ36,GBR_1,
UK,,,UKJ35,UKJ35,GBR_1,
UK,UKJ34,UKJ34,UKJ34,UKJ34,GBR_1,
UK,UKJ32,UKJ32,UKJ32,UKJ32,GBR_1,
UK,,,UKJ43,UKJ43,GBR_1,
UK,,,,UKN16,GBR_6,
