country_code,NUTS3_2006,NUTS3_2010,NUTS3_2013,NUTS3_2016,Source,id,Comment
AL,,,,,GADM,ALB_1,Lost from original spreasheet but we know it's just the country as a whole
AT,AT124,AT124,AT124,AT124,NUTS3,AUT_3,
AT,AT125,AT125,AT125,AT125,NUTS3,AUT_3,
AT,AT126,AT126,AT126,AT126,NUTS3,AUT_3,
AT,AT127,AT127,AT127,AT127,NUTS3,AUT_3,
AT,AT130,AT130,AT130,AT130,NUTS3,AUT_3,
AT,AT211,AT211,AT211,AT211,NUTS3,AUT_1,
AT,AT213,AT213,AT213,AT213,NUTS3,AUT_2,
AT,AT221,AT221,AT221,AT221,NUTS3,AUT_2,
AT,AT222,AT222,AT222,AT222,NUTS3,AUT_2,
AT,AT223,AT223,AT223,AT223,NUTS3,AUT_2,
AT,AT224,AT224,AT224,AT224,NUTS3,AUT_2,
AT,AT225,AT225,AT225,AT225,NUTS3,AUT_2,
AT,AT226,AT226,AT226,AT226,NUTS3,AUT_2,
AT,AT123,AT123,AT123,AT123,NUTS3,AUT_3,
AT,AT311,AT311,AT311,AT311,NUTS3,AUT_2,
AT,AT313,AT313,AT313,AT313,NUTS3,AUT_2,
AT,AT314,AT314,AT314,AT314,NUTS3,AUT_2,
AT,AT315,AT315,AT315,AT315,NUTS3,AUT_2,
AT,AT321,AT321,AT321,AT321,NUTS3,AUT_1,
AT,AT322,AT322,AT322,AT322,NUTS3,AUT_1,
AT,AT323,AT323,AT323,AT323,NUTS3,AUT_1,
AT,AT331,AT331,AT331,AT331,NUTS3,AUT_1,
AT,AT332,AT332,AT332,AT332,NUTS3,AUT_1,
AT,AT333,AT333,AT333,AT333,NUTS3,AUT_1,
AT,AT334,AT334,AT334,AT334,NUTS3,AUT_1,
AT,AT335,AT335,AT335,AT335,NUTS3,AUT_1,
AT,AT341,AT341,AT341,AT341,NUTS3,AUT_1,
AT,AT342,AT342,AT342,AT342,NUTS3,AUT_1,
AT,AT312,AT312,AT312,AT312,NUTS3,AUT_2,
AT,AT122,AT122,AT122,AT122,NUTS3,AUT_3,
AT,AT212,AT212,AT212,AT212,NUTS3,AUT_1,
AT,AT113,AT113,AT113,AT113,NUTS3,AUT_3,
AT,AT111,AT111,AT111,AT111,NUTS3,AUT_3,
AT,AT121,AT121,AT121,AT121,NUTS3,AUT_3,
AT,AT112,AT112,AT112,AT112,NUTS3,AUT_3,
BA,,,,,GADM,BIH_1,
BE,,,,,NUTS0,BEL_1,
BG,,,,,NUTS0,BGR_1,
CH,CH053,CH053,CH053,CH053,NUTS3,CHE_1,
CH,CH011,CH011,CH011,CH011,NUTS3,CHE_1,
CH,CH012,CH012,CH012,CH012,NUTS3,CHE_2,
CH,CH013,CH013,CH013,CH013,NUTS3,CHE_1,
CH,CH021,CH021,CH021,CH021,NUTS3,CHE_1,
CH,CH022,CH022,CH022,CH022,NUTS3,CHE_1,
CH,CH023,CH023,CH023,CH023,NUTS3,CHE_1,
CH,CH031,CH031,CH031,CH031,NUTS3,CHE_1,
CH,CH032,CH032,CH032,CH032,NUTS3,CHE_1,
CH,CH033,CH033,CH033,CH033,NUTS3,CHE_1,
CH,CH040,CH040,CH040,CH040,NUTS3,CHE_1,
CH,CH051,CH051,CH051,CH051,NUTS3,CHE_1,
CH,CH052,CH052,CH052,CH052,NUTS3,CHE_1,
CH,CH024,CH024,CH024,CH024,NUTS3,CHE_1,
CH,CH025,CH025,CH025,CH025,NUTS3,CHE_1,
CH,CH055,CH055,CH055,CH055,NUTS3,CHE_1,
CH,CH070,CH070,CH070,CH070,NUTS3,CHE_2,
CH,CH056,CH056,CH056,CH056,NUTS3,CHE_2,
CH,CH057,CH057,CH057,CH057,NUTS3,CHE_1,
CH,CH061,CH061,CH061,CH061,NUTS3,CHE_1,
CH,CH054,CH054,CH054,CH054,NUTS3,CHE_1,
CH,CH062,CH062,CH062,CH062,NUTS3,CHE_2,
CH,CH063,CH063,CH063,CH063,NUTS3,CHE_1,
CH,CH064,CH064,CH064,CH064,NUTS3,CHE_1,
CH,CH065,CH065,CH065,CH065,NUTS3,CHE_1,
CH,CH066,CH066,CH066,CH066,NUTS3,CHE_1,
CY,,,,,GADM,CYP_1,Added to the modelled system
CZ,CZ053,CZ053,CZ053,CZ053,NUTS3,CZE_2,
CZ,CZ010,CZ010,CZ010,CZ010,NUTS3,CZE_1,
CZ,CZ020,CZ020,CZ020,CZ020,NUTS3,CZE_1,
CZ,CZ031,CZ031,CZ031,CZ031,NUTS3,CZE_1,
CZ,CZ032,CZ032,CZ032,CZ032,NUTS3,CZE_1,
CZ,CZ041,CZ041,CZ041,CZ041,NUTS3,CZE_1,
CZ,CZ042,CZ042,CZ042,CZ042,NUTS3,CZE_1,
CZ,CZ051,CZ051,CZ051,CZ051,NUTS3,CZE_1,
CZ,CZ080,CZ080,CZ080,CZ080,NUTS3,CZE_2,
CZ,CZ072,CZ072,CZ072,CZ072,NUTS3,CZE_2,
CZ,CZ071,CZ071,CZ071,CZ071,NUTS3,CZE_2,
CZ,CZ063,CZ063,CZ063,CZ063,NUTS3,CZE_2,
CZ,CZ064,CZ064,CZ064,CZ064,NUTS3,CZE_2,
CZ,CZ052,CZ052,CZ052,CZ052,NUTS3,CZE_1,
DE,DE942,DE942,DE942,DE942,NUTS3,DEU_1,
DE,DEA55,DEA55,DEA55,DEA55,NUTS3,DEU_3,
DE,DEA54,DEA54,DEA54,DEA54,NUTS3,DEU_3,
DE,DEA53,DEA53,DEA53,DEA53,NUTS3,DEU_3,
DE,DEA52,DEA52,DEA52,DEA52,NUTS3,DEU_3,
DE,DEA51,DEA51,DEA51,DEA51,NUTS3,DEU_3,
DE,DEA47,DEA47,DEA47,DEA47,NUTS3,DEU_3,
DE,DEA46,DEA46,DEA46,DEA46,NUTS3,DEU_3,
DE,DEA45,DEA45,DEA45,DEA45,NUTS3,DEU_3,
DE,DEA44,DEA44,DEA44,DEA44,NUTS3,DEU_3,
DE,DEA43,DEA43,DEA43,DEA43,NUTS3,DEU_3,
DE,DEA42,DEA42,DEA42,DEA42,NUTS3,DEU_3,
DE,DEA56,DEA56,DEA56,DEA56,NUTS3,DEU_3,
DE,DEA41,DEA41,DEA41,DEA41,NUTS3,DEU_3,
DE,DEA37,DEA37,DEA37,DEA37,NUTS3,DEU_3,
DE,DEA36,DEA36,DEA36,DEA36,NUTS3,DEU_3,
DE,DEA35,DEA35,DEA35,DEA35,NUTS3,DEU_3,
DE,DEA34,DEA34,DEA34,DEA34,NUTS3,DEU_3,
DE,DEA33,DEA33,DEA33,DEA33,NUTS3,DEU_3,
DE,DEA32,DEA32,DEA32,DEA32,NUTS3,DEU_3,
DE,DEA31,DEA31,DEA31,DEA31,NUTS3,DEU_3,
DE,,DEA2D,DEA2D,DEA2D,NUTS3,DEU_3,
DE,DEA2C,DEA2C,DEA2C,DEA2C,NUTS3,DEU_3,
DE,DEA2B,DEA2B,DEA2B,DEA2B,NUTS3,DEU_3,
DE,DEA2A,DEA2A,DEA2A,DEA2A,NUTS3,DEU_3,
DE,DEA38,DEA38,DEA38,DEA38,NUTS3,DEU_3,
DE,DEA29,DEA29,DEA29,DEA29,NUTS3,DEU_3,
DE,DEA57,DEA57,DEA57,DEA57,NUTS3,DEU_3,
DE,DEA59,DEA59,DEA59,DEA59,NUTS3,DEU_3,
DE,DEB35,DEB35,DEB35,DEB35,NUTS3,DEU_5,
DE,DEB34,DEB34,DEB34,DEB34,NUTS3,DEU_5,
DE,DEB33,DEB33,DEB33,DEB33,NUTS3,DEU_5,
DE,DEB32,DEB32,DEB32,DEB32,NUTS3,DEU_5,
DE,DEB31,DEB31,DEB31,DEB31,NUTS3,DEU_5,
DE,DEB25,DEB25,DEB25,DEB25,NUTS3,DEU_5,
DE,DEB24,DEB24,DEB24,DEB24,NUTS3,DEU_5,
DE,DEB23,DEB23,DEB23,DEB23,NUTS3,DEU_5,
DE,DEB22,DEB22,DEB22,DEB22,NUTS3,DEU_5,
DE,DEB21,DEB21,DEB21,DEB21,NUTS3,DEU_5,
DE,DEB1B,DEB1B,DEB1B,DEB1B,NUTS3,DEU_5,
DE,DEA58,DEA58,DEA58,DEA58,NUTS3,DEU_3,
DE,DEB1A,DEB1A,DEB1A,DEB1A,NUTS3,DEU_5,
DE,DEB18,DEB18,DEB18,DEB18,NUTS3,DEU_5,
DE,DEB17,DEB17,DEB17,DEB17,NUTS3,DEU_5,
DE,DEB16,DEB16,DEB16,DEB1C,NUTS3,DEU_5,
DE,DEB15,DEB15,DEB15,DEB15,NUTS3,DEU_5,
DE,DEB14,DEB14,DEB14,DEB14,NUTS3,DEU_5,
DE,DEB13,DEB13,DEB13,DEB13,NUTS3,DEU_5,
DE,DEB12,DEB12,DEB12,DEB12,NUTS3,DEU_5,
DE,DEB11,DEB11,DEB11,DEB11,NUTS3,DEU_5,
DE,DEA5C,DEA5C,DEA5C,DEA5C,NUTS3,DEU_3,
DE,DEA5B,DEA5B,DEA5B,DEA5B,NUTS3,DEU_3,
DE,DEA5A,DEA5A,DEA5A,DEA5A,NUTS3,DEU_3,
DE,DEB19,DEB19,DEB19,DEB1D,NUTS3,DEU_5,
DE,DE943,DE943,DE943,DE943,NUTS3,DEU_1,
DE,DEA28,DEA28,DEA28,DEA28,NUTS3,DEU_3,
DE,DEA26,DEA26,DEA26,DEA26,NUTS3,DEU_3,
DE,DE947,DE947,DE947,DE947,NUTS3,DEU_1,
DE,DE946,DE946,DE946,DE946,NUTS3,DEU_1,
DE,DE944,DE944,DE944,DE944,NUTS3,DEU_1,
DE,DE91B,DE91B,DE91B,DE91B,NUTS3,DEU_1,
DE,DE922,DE922,DE922,DE922,NUTS3,DEU_1,
DE,DE923,DE923,DE923,DE923,NUTS3,DEU_1,
DE,DE925,DE925,DE925,DE925,NUTS3,DEU_1,
DE,DE926,DE926,DE926,DE926,NUTS3,DEU_1,
DE,DE927,DE927,DE927,DE927,NUTS3,DEU_1,
DE,DEB36,DEB36,DEB36,DEB36,NUTS3,DEU_5,
DE,DE928,DE928,DE928,DE928,NUTS3,DEU_1,
DE,DE948,DE948,DE948,DE948,NUTS3,DEU_1,
DE,DE929,DE929,DE929,DE929,NUTS3,DEU_1,
DE,DE932,DE932,DE932,DE932,NUTS3,DEU_1,
DE,DE933,DE933,DE933,DE933,NUTS3,DEU_1,
DE,DE934,DE934,DE934,DE934,NUTS3,DEU_1,
DE,DE935,DE935,DE935,DE935,NUTS3,DEU_1,
DE,DE936,DE936,DE936,DE936,NUTS3,DEU_1,
DE,DE937,DE937,DE937,DE937,NUTS3,DEU_1,
DE,DE938,DE938,DE938,DE938,NUTS3,DEU_1,
DE,DE939,DE939,DE939,DE939,NUTS3,DEU_1,
DE,DE93A,DE93A,DE93A,DE93A,NUTS3,DEU_1,
DE,DE93B,DE93B,DE93B,DE93B,NUTS3,DEU_1,
DE,DE941,DE941,DE941,DE941,NUTS3,DEU_1,
DE,DE931,DE931,DE931,DE931,NUTS3,DEU_1,
DE,DEA27,DEA27,DEA27,DEA27,NUTS3,DEU_3,
DE,DE949,DE949,DE949,DE949,NUTS3,DEU_1,
DE,DE94B,DE94B,DE94B,DE94B,NUTS3,DEU_1,
DE,DEA24,DEA24,DEA24,DEA24,NUTS3,DEU_3,
DE,DEA23,DEA23,DEA23,DEA23,NUTS3,DEU_3,
DE,DEA22,DEA22,DEA22,DEA22,NUTS3,DEU_3,
DE,DEA1F,DEA1F,DEA1F,DEA1F,NUTS3,DEU_3,
DE,DEA1E,DEA1E,DEA1E,DEA1E,NUTS3,DEU_3,
DE,DEA1D,DEA1D,DEA1D,DEA1D,NUTS3,DEU_3,
DE,DEA1C,DEA1C,DEA1C,DEA1C,NUTS3,DEU_3,
DE,DEA1B,DEA1B,DEA1B,DEA1B,NUTS3,DEU_3,
DE,DEA1A,DEA1A,DEA1A,DEA1A,NUTS3,DEU_3,
DE,DEA19,DEA19,DEA19,DEA19,NUTS3,DEU_3,
DE,DEA18,DEA18,DEA18,DEA18,NUTS3,DEU_3,
DE,DE94A,DE94A,DE94A,DE94A,NUTS3,DEU_1,
DE,DEA17,DEA17,DEA17,DEA17,NUTS3,DEU_3,
DE,DEA15,DEA15,DEA15,DEA15,NUTS3,DEU_3,
DE,DEA14,DEA14,DEA14,DEA14,NUTS3,DEU_3,
DE,DEA13,DEA13,DEA13,DEA13,NUTS3,DEU_3,
DE,DEA12,DEA12,DEA12,DEA12,NUTS3,DEU_3,
DE,DEA11,DEA11,DEA11,DEA11,NUTS3,DEU_3,
DE,DE94H,DE94H,DE94H,DE94H,NUTS3,DEU_1,
DE,DE94G,DE94G,DE94G,DE94G,NUTS3,DEU_1,
DE,DE94F,DE94F,DE94F,DE94F,NUTS3,DEU_1,
DE,DE94E,DE94E,DE94E,DE94E,NUTS3,DEU_1,
DE,DE94D,DE94D,DE94D,DE94D,NUTS3,DEU_1,
DE,DE94C,DE94C,DE94C,DE94C,NUTS3,DEU_1,
DE,DEA16,DEA16,DEA16,DEA16,NUTS3,DEU_3,
DE,DEB37,DEB37,DEB37,DEB37,NUTS3,DEU_5,
DE,DEE08,DEE08,DEE08,DEE08,NUTS3,DEU_4,
DE,DEB39,DEB39,DEB39,DEB39,NUTS3,DEU_5,
DE,DEG0N,DEG0N,DEG0N,DEG0N,NUTS3,DEU_4,
DE,DEG0M,DEG0M,DEG0M,DEG0M,NUTS3,DEU_4,
DE,DEG0L,DEG0L,DEG0L,DEG0L,NUTS3,DEU_4,
DE,DEG0K,DEG0K,DEG0K,DEG0K,NUTS3,DEU_4,
DE,DEG0J,DEG0J,DEG0J,DEG0J,NUTS3,DEU_4,
DE,DEG0I,DEG0I,DEG0I,DEG0I,NUTS3,DEU_4,
DE,DEG0H,DEG0H,DEG0H,DEG0H,NUTS3,DEU_4,
DE,DEG0G,DEG0G,DEG0G,DEG0G,NUTS3,DEU_4,
DE,DEG0F,DEG0F,DEG0F,DEG0F,NUTS3,DEU_4,
DE,DEG0E,DEG0E,DEG0E,DEG0E,NUTS3,DEU_4,
DE,DEG0D,DEG0D,DEG0D,DEG0D,NUTS3,DEU_4,
DE,DEG0P,DEG0P,DEG0P,DEG0P,NUTS3,DEU_4,
DE,DEG0C,DEG0C,DEG0C,DEG0C,NUTS3,DEU_4,
DE,DEG0A,DEG0A,DEG0A,DEG0A,NUTS3,DEU_4,
DE,DEG09,DEG09,DEG09,DEG09,NUTS3,DEU_4,
DE,DEG07,DEG07,DEG07,DEG07,NUTS3,DEU_4,
DE,DEG06,DEG06,DEG06,DEG06,NUTS3,DEU_4,
DE,DEG05,DEG05,DEG05,DEG05,NUTS3,DEU_4,
DE,DEG04,DEG04,DEG04,DEG04,NUTS3,DEU_4,
DE,DEG03,DEG03,DEG03,DEG03,NUTS3,DEU_4,
DE,DEG02,DEG02,DEG02,DEG02,NUTS3,DEU_4,
DE,DEG01,DEG01,DEG01,DEG01,NUTS3,DEU_4,
DE,DEF0F,DEF0F,DEF0F,DEF0F,NUTS3,DEU_1,
DE,DEF0E,DEF0E,DEF0E,DEF0E,NUTS3,DEU_1,
DE,DEG0B,DEG0B,DEG0B,DEG0B,NUTS3,DEU_4,
DE,,,,DE91C,NUTS3,DEU_1,
DE,DED1A,,,,NUTS3,DEU_4,
DE,DED19,,,,NUTS3,DEU_4,
DE,DE801,DE801,,,NUTS3,DEU_2,
DE,DE802,DE802,,,NUTS3,DEU_2,
DE,DE805,DE805,,,NUTS3,DEU_2,
DE,DE806,DE806,,,NUTS3,DEU_2,
DE,DE807,DE807,,,NUTS3,DEU_2,
DE,DE808,DE808,,,NUTS3,DEU_2,
DE,DE809,DE809,,,NUTS3,DEU_2,
DE,DE80A,DE80A,,,NUTS3,DEU_2,
DE,DE80B,DE80B,,,NUTS3,DEU_2,
DE,DE80C,DE80C,,,NUTS3,DEU_2,
DE,DE80D,DE80D,,,NUTS3,DEU_2,
DE,DE80E,DE80E,,,NUTS3,DEU_2,
DE,DE80F,DE80F,,,NUTS3,DEU_2,
DE,DE80G,DE80G,,,NUTS3,DEU_2,
DE,DE80H,DE80H,,,NUTS3,DEU_2,
DE,DE80I,DE80I,,,NUTS3,DEU_2,
DE,DEA21,,,,NUTS3,DEU_3,
DE,DEA25,,,,NUTS3,DEU_3,
DE,DED12,,,,NUTS3,DEU_4,
DE,DED13,,,,NUTS3,DEU_4,
DE,DED14,,,,NUTS3,DEU_4,
DE,DED15,,,,NUTS3,DEU_4,
DE,DED16,,,,NUTS3,DEU_4,
DE,DED17,,,,NUTS3,DEU_4,
DE,DED18,,,,NUTS3,DEU_4,
DE,DEF0D,DEF0D,DEF0D,DEF0D,NUTS3,DEU_1,
DE,DEB38,DEB38,DEB38,DEB38,NUTS3,DEU_5,
DE,DEF0C,DEF0C,DEF0C,DEF0C,NUTS3,DEU_1,
DE,DEF0A,DEF0A,DEF0A,DEF0A,NUTS3,DEU_1,
DE,,DED42,DED42,DED42,NUTS3,DEU_4,
DE,DED11,DED41,DED41,DED41,NUTS3,DEU_4,
DE,,DED2F,DED2F,DED2F,NUTS3,DEU_4,
DE,,DED2E,DED2E,DED2E,NUTS3,DEU_4,
DE,,DED2D,DED2D,DED2D,NUTS3,DEU_4,
DE,,DED2C,DED2C,DED2C,NUTS3,DEU_4,
DE,DED21,DED21,DED21,DED21,NUTS3,DEU_4,
DE,DEC06,DEC06,DEC06,DEC06,NUTS3,DEU_5,
DE,DEC05,DEC05,DEC05,DEC05,NUTS3,DEU_5,
DE,DEC04,DEC04,DEC04,DEC04,NUTS3,DEU_5,
DE,DEC03,DEC03,DEC03,DEC03,NUTS3,DEU_5,
DE,,DED43,DED43,DED43,NUTS3,DEU_4,
DE,DEC02,DEC02,DEC02,DEC02,NUTS3,DEU_5,
DE,DEB3K,DEB3K,DEB3K,DEB3K,NUTS3,DEU_5,
DE,DEB3J,DEB3J,DEB3J,DEB3J,NUTS3,DEU_5,
DE,DEB3I,DEB3I,DEB3I,DEB3I,NUTS3,DEU_5,
DE,DEB3H,DEB3H,DEB3H,DEB3H,NUTS3,DEU_5,
DE,DEB3G,DEB3G,DEB3G,DEB3G,NUTS3,DEU_5,
DE,DEB3F,DEB3F,DEB3F,DEB3F,NUTS3,DEU_5,
DE,DEB3E,DEB3E,DEB3E,DEB3E,NUTS3,DEU_5,
DE,DEB3D,DEB3D,DEB3D,DEB3D,NUTS3,DEU_5,
DE,DEB3C,DEB3C,DEB3C,DEB3C,NUTS3,DEU_5,
DE,DEB3B,DEB3B,DEB3B,DEB3B,NUTS3,DEU_5,
DE,DEB3A,DEB3A,DEB3A,DEB3A,NUTS3,DEU_5,
DE,DEC01,DEC01,DEC01,DEC01,NUTS3,DEU_5,
DE,,DED44,DED44,DED44,NUTS3,DEU_4,
DE,,DED45,DED45,DED45,NUTS3,DEU_4,
DE,DED31,DED51,DED51,DED51,NUTS3,DEU_4,
DE,DEF09,DEF09,DEF09,DEF09,NUTS3,DEU_1,
DE,DEF08,DEF08,DEF08,DEF08,NUTS3,DEU_1,
DE,DEF07,DEF07,DEF07,DEF07,NUTS3,DEU_1,
DE,DEF06,DEF06,DEF06,DEF06,NUTS3,DEU_1,
DE,DEF05,DEF05,DEF05,DEF05,NUTS3,DEU_1,
DE,DEF04,DEF04,DEF04,DEF04,NUTS3,DEU_1,
DE,DEF03,DEF03,DEF03,DEF03,NUTS3,DEU_1,
DE,DEF02,DEF02,DEF02,DEF02,NUTS3,DEU_1,
DE,DEF01,DEF01,DEF01,DEF01,NUTS3,DEU_1,
DE,DEE0E,DEE0E,DEE0E,DEE0E,NUTS3,DEU_4,
DE,DEE0D,DEE0D,DEE0D,DEE0D,NUTS3,DEU_2,
DE,DEE0C,DEE0C,DEE0C,DEE0C,NUTS3,DEU_4,
DE,DEE0B,DEE0B,DEE0B,DEE0B,NUTS3,DEU_4,
DE,DEE0A,DEE0A,DEE0A,DEE0A,NUTS3,DEU_4,
DE,DEE09,DEE09,DEE09,DEE09,NUTS3,DEU_4,
DE,DE91A,DE91A,DE91A,DE91A,NUTS3,DEU_1,
DE,DEE07,DEE07,DEE07,DEE07,NUTS3,DEU_2,
DE,DEE06,DEE06,DEE06,DEE06,NUTS3,DEU_2,
DE,DEE05,DEE05,DEE05,DEE05,NUTS3,DEU_4,
DE,DEE04,DEE04,DEE04,DEE04,NUTS3,DEU_2,
DE,DEE03,DEE03,DEE03,DEE03,NUTS3,DEU_2,
DE,DEE02,DEE02,DEE02,DEE02,NUTS3,DEU_4,
DE,DEE01,DEE01,DEE01,DEE01,NUTS3,DEU_4,
DE,,DED53,DED53,DED53,NUTS3,DEU_4,
DE,,DED52,DED52,DED52,NUTS3,DEU_4,
DE,DEF0B,DEF0B,DEF0B,DEF0B,NUTS3,DEU_1,
DE,DE919,DE919,DE919,,NUTS3,DEU_1,
DE,DE945,DE945,DE945,DE945,NUTS3,DEU_1,
DE,DE917,DE917,DE917,DE917,NUTS3,DEU_1,
DE,DE21J,DE21J,DE21J,DE21J,NUTS3,DEU_7,
DE,DE21I,DE21I,DE21I,DE21I,NUTS3,DEU_7,
DE,DE21H,DE21H,DE21H,DE21H,NUTS3,DEU_7,
DE,DE21G,DE21G,DE21G,DE21G,NUTS3,DEU_7,
DE,DE21F,DE21F,DE21F,DE21F,NUTS3,DEU_7,
DE,DE21E,DE21E,DE21E,DE21E,NUTS3,DEU_7,
DE,DE21D,DE21D,DE21D,DE21D,NUTS3,DEU_7,
DE,DE21C,DE21C,DE21C,DE21C,NUTS3,DEU_7,
DE,DE21B,DE21B,DE21B,DE21B,NUTS3,DEU_7,
DE,DE21A,DE21A,DE21A,DE21A,NUTS3,DEU_7,
DE,DE219,DE219,DE219,DE219,NUTS3,DEU_7,
DE,DE21K,DE21K,DE21K,DE21K,NUTS3,DEU_7,
DE,DE218,DE218,DE218,DE218,NUTS3,DEU_7,
DE,DE216,DE216,DE216,DE216,NUTS3,DEU_7,
DE,DE215,DE215,DE215,DE215,NUTS3,DEU_7,
DE,DE214,DE214,DE214,DE214,NUTS3,DEU_7,
DE,DE213,DE213,DE213,DE213,NUTS3,DEU_7,
DE,DE212,DE212,DE212,DE212,NUTS3,DEU_7,
DE,DE211,DE211,DE211,DE211,NUTS3,DEU_7,
DE,DE149,DE149,DE149,DE149,NUTS3,DEU_6,
DE,DE148,DE148,DE148,DE148,NUTS3,DEU_6,
DE,DE147,DE147,DE147,DE147,NUTS3,DEU_6,
DE,DE146,DE146,DE146,DE146,NUTS3,DEU_6,
DE,DE145,DE145,DE145,DE145,NUTS3,DEU_6,
DE,DE217,DE217,DE217,DE217,NUTS3,DEU_7,
DE,DE144,DE144,DE144,DE144,NUTS3,DEU_6,
DE,DE21L,DE21L,DE21L,DE21L,NUTS3,DEU_7,
DE,DE21N,DE21N,DE21N,DE21N,NUTS3,DEU_7,
DE,DE242,DE242,DE242,DE242,NUTS3,DEU_7,
DE,DE241,DE241,DE241,DE241,NUTS3,DEU_7,
DE,DE23A,DE23A,DE23A,DE23A,NUTS3,DEU_7,
DE,DE239,DE239,DE239,DE239,NUTS3,DEU_7,
DE,DE238,DE238,DE238,DE238,NUTS3,DEU_7,
DE,DE237,DE237,DE237,DE237,NUTS3,DEU_7,
DE,DE236,DE236,DE236,DE236,NUTS3,DEU_7,
DE,DE235,DE235,DE235,DE235,NUTS3,DEU_7,
DE,DE234,DE234,DE234,DE234,NUTS3,DEU_7,
DE,DE233,DE233,DE233,DE233,NUTS3,DEU_7,
DE,DE232,DE232,DE232,DE232,NUTS3,DEU_7,
DE,DE21M,DE21M,DE21M,DE21M,NUTS3,DEU_7,
DE,DE231,DE231,DE231,DE231,NUTS3,DEU_7,
DE,DE22B,DE22B,DE22B,DE22B,NUTS3,DEU_7,
DE,DE22A,DE22A,DE22A,DE22A,NUTS3,DEU_7,
DE,DE229,DE229,DE229,DE229,NUTS3,DEU_7,
DE,DE228,DE228,DE228,DE228,NUTS3,DEU_7,
DE,DE227,DE227,DE227,DE227,NUTS3,DEU_7,
DE,DE226,DE226,DE226,DE226,NUTS3,DEU_7,
DE,DE225,DE225,DE225,DE225,NUTS3,DEU_7,
DE,DE224,DE224,DE224,DE224,NUTS3,DEU_7,
DE,DE223,DE223,DE223,DE223,NUTS3,DEU_7,
DE,DE222,DE222,DE222,DE222,NUTS3,DEU_7,
DE,DE221,DE221,DE221,DE221,NUTS3,DEU_7,
DE,DE22C,DE22C,DE22C,DE22C,NUTS3,DEU_7,
DE,DE243,DE243,DE243,DE243,NUTS3,DEU_7,
DE,DE143,DE143,DE143,DE143,NUTS3,DEU_6,
DE,DE141,DE141,DE141,DE141,NUTS3,DEU_6,
DE,DE117,DE117,DE117,DE117,NUTS3,DEU_6,
DE,DE116,DE116,DE116,DE116,NUTS3,DEU_6,
DE,DE115,DE115,DE115,DE115,NUTS3,DEU_6,
DE,DE114,DE114,DE114,DE114,NUTS3,DEU_6,
DE,DE113,DE113,DE113,DE113,NUTS3,DEU_6,
DE,DE112,DE112,DE112,DE112,NUTS3,DEU_6,
DE,DE111,DE111,DE111,DE111,NUTS3,DEU_6,
DE,DED1B,,,,NUTS3,DEU_4,
DE,DED1C,,,,NUTS3,DEU_4,
DE,DED22,,,,NUTS3,DEU_4,
DE,DED23,,,,NUTS3,DEU_4,
DE,DE118,DE118,DE118,DE118,NUTS3,DEU_6,
DE,DED24,,,,NUTS3,DEU_4,
DE,DED26,,,,NUTS3,DEU_4,
DE,DED27,,,,NUTS3,DEU_4,
DE,DED28,,,,NUTS3,DEU_4,
DE,DED29,,,,NUTS3,DEU_4,
DE,DED2A,,,,NUTS3,DEU_4,
DE,DED2B,,,,NUTS3,DEU_4,
DE,DED32,,,,NUTS3,DEU_4,
DE,DED33,,,,NUTS3,DEU_4,
DE,DED34,,,,NUTS3,DEU_4,
DE,DED35,,,,NUTS3,DEU_4,
DE,DED36,,,,NUTS3,DEU_4,
DE,DED25,,,,NUTS3,DEU_4,
DE,DE142,DE142,DE142,DE142,NUTS3,DEU_6,
DE,DE119,DE119,DE119,DE119,NUTS3,DEU_6,
DE,DE11B,DE11B,DE11B,DE11B,NUTS3,DEU_6,
DE,DE13A,DE13A,DE13A,DE13A,NUTS3,DEU_6,
DE,DE139,DE139,DE139,DE139,NUTS3,DEU_6,
DE,DE138,DE138,DE138,DE138,NUTS3,DEU_6,
DE,DE137,DE137,DE137,DE137,NUTS3,DEU_6,
DE,DE136,DE136,DE136,DE136,NUTS3,DEU_6,
DE,DE135,DE135,DE135,DE135,NUTS3,DEU_6,
DE,DE134,DE134,DE134,DE134,NUTS3,DEU_6,
DE,DE133,DE133,DE133,DE133,NUTS3,DEU_6,
DE,DE132,DE132,DE132,DE132,NUTS3,DEU_6,
DE,DE918,DE918,DE918,DE918,NUTS3,DEU_1,
DE,DE12C,DE12C,DE12C,DE12C,NUTS3,DEU_6,
DE,DE11A,DE11A,DE11A,DE11A,NUTS3,DEU_6,
DE,DE12B,DE12B,DE12B,DE12B,NUTS3,DEU_6,
DE,DE129,DE129,DE129,DE129,NUTS3,DEU_6,
DE,DE128,DE128,DE128,DE128,NUTS3,DEU_6,
DE,DE127,DE127,DE127,DE127,NUTS3,DEU_6,
DE,DE126,DE126,DE126,DE126,NUTS3,DEU_6,
DE,DE125,DE125,DE125,DE125,NUTS3,DEU_6,
DE,DE124,DE124,DE124,DE124,NUTS3,DEU_6,
DE,DE123,DE123,DE123,DE123,NUTS3,DEU_6,
DE,DE122,DE122,DE122,DE122,NUTS3,DEU_6,
DE,DE121,DE121,DE121,DE121,NUTS3,DEU_6,
DE,DE11D,DE11D,DE11D,DE11D,NUTS3,DEU_6,
DE,DE11C,DE11C,DE11C,DE11C,NUTS3,DEU_6,
DE,DE12A,DE12A,DE12A,DE12A,NUTS3,DEU_6,
DE,DE244,DE244,DE244,DE244,NUTS3,DEU_7,
DE,DE131,DE131,DE131,DE131,NUTS3,DEU_6,
DE,DE246,DE246,DE246,DE246,NUTS3,DEU_7,
DE,DE71B,DE71B,DE71B,DE71B,NUTS3,DEU_5,
DE,DE71A,DE71A,DE71A,DE71A,NUTS3,DEU_5,
DE,DE719,DE719,DE719,DE719,NUTS3,DEU_5,
DE,DE718,DE718,DE718,DE718,NUTS3,DEU_5,
DE,DE717,DE717,DE717,DE717,NUTS3,DEU_5,
DE,DE716,DE716,DE716,DE716,NUTS3,DEU_5,
DE,DE715,DE715,DE715,DE715,NUTS3,DEU_5,
DE,DE714,DE714,DE714,DE714,NUTS3,DEU_5,
DE,DE713,DE713,DE713,DE713,NUTS3,DEU_5,
DE,DE712,DE712,DE712,DE712,NUTS3,DEU_5,
DE,DE711,DE711,DE711,DE711,NUTS3,DEU_5,
DE,DE600,DE600,DE600,DE600,NUTS3,DEU_1,
DE,DE502,DE502,DE502,DE502,NUTS3,DEU_1,
DE,DE501,DE501,DE501,DE501,NUTS3,DEU_1,
DE,DE418,DE40I,DE40I,DE40I,NUTS3,DEU_2,
DE,DE42A,DE40H,DE40H,DE40H,NUTS3,DEU_2,
DE,DE429,DE40G,DE40G,DE40G,NUTS3,DEU_4,
DE,DE417,DE40F,DE40F,DE40F,NUTS3,DEU_2,
DE,DE428,DE40E,DE40E,DE40E,NUTS3,DEU_2,
DE,DE416,DE40D,DE40D,DE40D,NUTS3,DEU_2,
DE,DE415,DE40C,DE40C,DE40C,NUTS3,DEU_2,
DE,DE427,DE40B,DE40B,DE40B,NUTS3,DEU_4,
DE,DE414,DE40A,DE40A,DE40A,NUTS3,DEU_2,
DE,DE71C,DE71C,DE71C,DE71C,NUTS3,DEU_5,
DE,DE71D,DE71D,DE71D,DE71D,NUTS3,DEU_5,
DE,DE71E,DE71E,DE71E,DE71E,NUTS3,DEU_5,
DE,DE721,DE721,DE721,DE721,NUTS3,DEU_5,
DE,DE737,DE737,DE737,DE737,NUTS3,DEU_5,
DE,DE736,DE736,DE736,DE736,NUTS3,DEU_5,
DE,,,DE80J,DE80J,NUTS3,DEU_2,
DE,DE735,DE735,DE735,DE735,NUTS3,DEU_5,
DE,DE734,DE734,DE734,DE734,NUTS3,DEU_5,
DE,DE733,DE733,DE733,DE733,NUTS3,DEU_5,
DE,DE732,DE732,DE732,DE732,NUTS3,DEU_5,
DE,DE731,DE731,DE731,DE731,NUTS3,DEU_5,
DE,DE725,DE725,DE725,DE725,NUTS3,DEU_5,
DE,,,DE80K,DE80K,NUTS3,DEU_2,
DE,,,DE80L,DE80L,NUTS3,DEU_2,
DE,DE413,DE409,DE409,DE409,NUTS3,DEU_2,
DE,,,DE80M,DE80M,NUTS3,DEU_2,
DE,,,DE80O,DE80O,NUTS3,DEU_2,
DE,DE911,DE911,DE911,DE911,NUTS3,DEU_1,
DE,DE912,DE912,DE912,DE912,NUTS3,DEU_1,
DE,DE913,DE913,DE913,DE913,NUTS3,DEU_1,
DE,DE914,DE914,DE914,DE914,NUTS3,DEU_1,
DE,DE915,DE915,DE915,,NUTS3,DEU_1,
DE,DE916,DE916,DE916,DE916,NUTS3,DEU_1,
DE,DE724,DE724,DE724,DE724,NUTS3,DEU_5,
DE,DE723,DE723,DE723,DE723,NUTS3,DEU_5,
DE,DE245,DE245,DE245,DE245,NUTS3,DEU_7,
DE,DE722,DE722,DE722,DE722,NUTS3,DEU_5,
DE,,,DE80N,DE80N,NUTS3,DEU_2,
DE,DE804,DE804,DE804,DE804,NUTS3,DEU_2,
DE,DE426,DE408,DE408,DE408,NUTS3,DEU_2,
DE,DE424,DE406,DE406,DE406,NUTS3,DEU_2,
DE,DE264,DE264,DE264,DE264,NUTS3,DEU_7,
DE,DE263,DE263,DE263,DE263,NUTS3,DEU_7,
DE,DE262,DE262,DE262,DE262,NUTS3,DEU_7,
DE,DE261,DE261,DE261,DE261,NUTS3,DEU_7,
DE,DE25C,DE25C,DE25C,DE25C,NUTS3,DEU_7,
DE,DE25B,DE25B,DE25B,DE25B,NUTS3,DEU_7,
DE,DE25A,DE25A,DE25A,DE25A,NUTS3,DEU_7,
DE,DE259,DE259,DE259,DE259,NUTS3,DEU_7,
DE,DE258,DE258,DE258,DE258,NUTS3,DEU_7,
DE,DE257,DE257,DE257,DE257,NUTS3,DEU_7,
DE,DE256,DE256,DE256,DE256,NUTS3,DEU_7,
DE,DE255,DE255,DE255,DE255,NUTS3,DEU_7,
DE,DE254,DE254,DE254,DE254,NUTS3,DEU_7,
DE,DE253,DE253,DE253,DE253,NUTS3,DEU_7,
DE,DE252,DE252,DE252,DE252,NUTS3,DEU_7,
DE,DE251,DE251,DE251,DE251,NUTS3,DEU_7,
DE,DE24D,DE24D,DE24D,DE24D,NUTS3,DEU_7,
DE,DE24C,DE24C,DE24C,DE24C,NUTS3,DEU_7,
DE,DE24B,DE24B,DE24B,DE24B,NUTS3,DEU_7,
DE,DE24A,DE24A,DE24A,DE24A,NUTS3,DEU_7,
DE,DE249,DE249,DE249,DE249,NUTS3,DEU_7,
DE,DE248,DE248,DE248,DE248,NUTS3,DEU_7,
DE,DE247,DE247,DE247,DE247,NUTS3,DEU_7,
DE,DE265,DE265,DE265,DE265,NUTS3,DEU_7,
DE,DE266,DE266,DE266,DE266,NUTS3,DEU_7,
DE,DE267,DE267,DE267,DE267,NUTS3,DEU_7,
DE,DE268,DE268,DE268,DE268,NUTS3,DEU_7,
DE,DE412,DE405,DE405,DE405,NUTS3,DEU_2,
DE,DE423,DE404,DE404,DE404,NUTS3,DEU_2,
DE,DE411,DE403,DE403,DE403,NUTS3,DEU_2,
DE,DE422,DE402,DE402,DE402,NUTS3,DEU_4,
DE,DE421,DE401,DE401,DE401,NUTS3,DEU_2,
DE,DE300,DE300,DE300,DE300,NUTS3,DEU_2,
DE,DE27E,DE27E,DE27E,DE27E,NUTS3,DEU_7,
DE,DE27D,DE27D,DE27D,DE27D,NUTS3,DEU_7,
DE,DE27C,DE27C,DE27C,DE27C,NUTS3,DEU_7,
DE,DE27B,DE27B,DE27B,DE27B,NUTS3,DEU_7,
DE,DE27A,DE27A,DE27A,DE27A,NUTS3,DEU_7,
DE,DE425,DE407,DE407,DE407,NUTS3,DEU_4,
DE,DE279,DE279,DE279,DE279,NUTS3,DEU_7,
DE,DE277,DE277,DE277,DE277,NUTS3,DEU_7,
DE,DE276,DE276,DE276,DE276,NUTS3,DEU_7,
DE,DE275,DE275,DE275,DE275,NUTS3,DEU_7,
DE,DE274,DE274,DE274,DE274,NUTS3,DEU_7,
DE,DE273,DE273,DE273,DE273,NUTS3,DEU_7,
DE,DE272,DE272,DE272,DE272,NUTS3,DEU_7,
DE,DE271,DE271,DE271,DE271,NUTS3,DEU_7,
DE,DE26C,DE26C,DE26C,DE26C,NUTS3,DEU_7,
DE,DE26B,DE26B,DE26B,DE26B,NUTS3,DEU_7,
DE,DE26A,DE26A,DE26A,DE26A,NUTS3,DEU_7,
DE,DE269,DE269,DE269,DE269,NUTS3,DEU_7,
DE,DE278,DE278,DE278,DE278,NUTS3,DEU_7,
DE,DE803,DE803,DE803,DE803,NUTS3,DEU_2,
DK,DK022,DK022,DK022,DK022,NUTS3,DNK_2,
DK,DK014,DK014,DK014,DK014,NUTS3,DNK_2,
DK,DK050,DK050,DK050,DK050,NUTS3,DNK_1,
DK,DK042,DK042,DK042,DK042,NUTS3,DNK_1,
DK,DK041,DK041,DK041,DK041,NUTS3,DNK_1,
DK,DK032,DK032,DK032,DK032,NUTS3,DNK_1,
DK,DK031,DK031,DK031,DK031,NUTS3,DNK_1,
DK,DK021,DK021,DK021,DK021,NUTS3,DNK_2,
DK,DK013,DK013,DK013,DK013,NUTS3,DNK_2,
DK,DK012,DK012,DK012,DK012,NUTS3,DNK_2,
DK,DK011,DK011,DK011,DK011,NUTS3,DNK_2,
DZ,,,,,GADM,DZA_1,Outside the modelled system
EE,,,,,NUTS0,EST_1,
EG,,,,,GADM,EGY_1,Outside the modelled system
ES,ES424,ES424,ES424,ES424,NUTS3,ESP_3,
ES,ES423,ES423,ES423,ES423,NUTS3,ESP_11,
ES,ES431,ES431,ES431,ES431,NUTS3,ESP_8,
ES,ES425,ES425,ES425,ES425,NUTS3,ESP_8,
ES,ES422,ES422,ES422,ES422,NUTS3,ESP_8,
ES,ES416,ES416,ES416,ES416,NUTS3,ESP_3,
ES,ES419,ES419,ES419,ES419,NUTS3,ESP_2,
ES,ES418,ES418,ES418,ES418,NUTS3,ESP_3,
ES,ES417,ES417,ES417,ES417,NUTS3,ESP_3,
ES,ES432,ES432,ES432,ES432,NUTS3,ESP_8,
ES,ES415,ES415,ES415,ES415,NUTS3,ESP_2,
ES,ES421,ES421,ES421,ES421,NUTS3,ESP_11,
ES,ES511,ES511,ES511,ES511,NUTS3,ESP_6,
ES,ES523,ES523,ES523,ES523,NUTS3,ESP_11,
ES,ES513,ES513,ES513,ES513,NUTS3,ESP_6,
ES,ES514,ES514,ES514,ES514,NUTS3,ESP_6,
ES,ES521,ES521,ES521,ES521,NUTS3,ESP_11,
ES,ES522,ES522,ES522,ES522,NUTS3,ESP_11,
ES,ES414,ES414,ES414,ES414,NUTS3,ESP_3,
ES,ES611,ES611,ES611,ES611,NUTS3,ESP_10,
ES,ES612,ES612,ES612,ES612,NUTS3,ESP_9,
ES,ES613,ES613,ES613,ES613,NUTS3,ESP_10,
ES,ES614,ES614,ES614,ES614,NUTS3,ESP_10,
ES,ES615,ES615,ES615,ES615,NUTS3,ESP_9,
ES,ES616,ES616,ES616,ES616,NUTS3,ESP_10,
ES,ES617,ES617,ES617,ES617,NUTS3,ESP_9,
ES,ES618,ES618,ES618,ES618,NUTS3,ESP_9,
ES,ES620,ES620,ES620,ES620,NUTS3,ESP_11,
ES,ES512,ES512,ES512,ES512,NUTS3,ESP_6,
ES,ES413,ES413,ES413,ES413,NUTS3,ESP_2,
ES,ES230,ES230,ES230,ES230,NUTS3,ESP_4,
ES,ES411,ES411,ES411,ES411,NUTS3,ESP_3,
ES,ES412,ES412,ES412,ES412,NUTS3,ESP_3,
ES,ES111,ES111,ES111,ES111,NUTS3,ESP_1,Incorrectly assigned to ESP_2 in e-Highways data
ES,ES112,ES112,ES112,ES112,NUTS3,ESP_1,
ES,ES113,ES113,ES113,ES113,NUTS3,ESP_1,Incorrectly assigned to ESP_3 in e-Highways data
ES,ES120,ES120,ES120,ES120,NUTS3,ESP_2,
ES,ES130,ES130,ES130,ES130,NUTS3,ESP_2,
ES,ES211,ES211,ES211,ES211,NUTS3,ESP_4,
ES,ES114,ES114,ES114,ES114,NUTS3,ESP_1,
ES,ES213,ES213,ES213,ES213,NUTS3,ESP_4,
ES,ES220,ES220,ES220,ES220,NUTS3,ESP_4,
ES,ES241,ES241,ES241,ES241,NUTS3,ESP_5,
ES,ES242,ES242,ES242,ES242,NUTS3,ESP_5,
ES,ES243,ES243,ES243,ES243,NUTS3,ESP_5,
ES,ES300,ES300,ES300,ES300,NUTS3,ESP_7,
ES,ES212,ES212,ES212,ES212,NUTS3,ESP_4,
FI,FI134,FI1D4,FI1D4,FI1D8,NUTS3,FIN_1,NUTS region was previously shared with 75_FI; now all given to 74_FI
FI,FI197,FI197,FI197,FI197,NUTS3,FIN_2,
FI,FI200,FI200,FI200,FI200,NUTS3,FIN_2,
FI,FI1A3,FI1D7,FI1D7,FI1D7,NUTS3,FIN_1,
FI,FI1A2,FI1D6,FI1D6,FI1D9,NUTS3,FIN_1,NUTS region was previously shared with 75_FI; now all given to 74_FI
FI,FI1A1,FI1D5,FI1D5,FI1D5,NUTS3,FIN_2,
FI,FI133,FI1D3,FI1D3,FI1D3,NUTS3,FIN_2,
FI,,FI1B1,FI1B1,FI1B1,NUTS3,FIN_2,
FI,FI131,FI1D1,FI1D1,FI1D1,NUTS3,FIN_2,
FI,FI187,FI1C5,FI1C5,FI1C5,NUTS3,FIN_2,
FI,FI186,FI1C4,FI1C4,FI1C4,NUTS3,FIN_2,
FI,FI185,FI1C3,FI1C3,FI1C3,NUTS3,FIN_2,
FI,FI184,FI1C2,FI1C2,FI1C2,NUTS3,FIN_2,
FI,FI183,FI1C1,FI1C1,FI1C1,NUTS3,FIN_2,
FI,FI132,FI1D2,FI1D2,FI1D2,NUTS3,FIN_2,
FI,FI196,FI196,FI196,FI196,NUTS3,FIN_2,
FI,FI181,,,,NUTS3,FIN_2,
FI,FI194,FI194,FI194,FI194,NUTS3,FIN_2,
FI,FI195,FI195,FI195,FI195,NUTS3,FIN_2,
FI,FI182,,,,NUTS3,FIN_2,
FI,FI193,FI193,FI193,FI193,NUTS3,FIN_2,
FR,FR514,FR514,FR514,FRG04,NUTS3,FRA_4,
FR,FR631,FR631,FR631,FRI21,NUTS3,FRA_2,
FR,FR628,FR628,FR628,FRJ28,NUTS3,FRA_1,
FR,FR627,FR627,FR627,FRJ27,NUTS3,FRA_2,
FR,FR626,FR626,FR626,FRJ26,NUTS3,FRA_1,
FR,FR625,FR625,FR625,FRJ25,NUTS3,FRA_2,
FR,FR624,FR624,FR624,FRJ24,NUTS3,FRA_1,
FR,FR623,FR623,FR623,FRJ23,NUTS3,FRA_1,
FR,FR622,FR622,FR622,FRJ22,NUTS3,FRA_2,
FR,FR621,FR621,FR621,FRJ21,NUTS3,FRA_1,
FR,FR615,FR615,FR615,FRI15,NUTS3,FRA_1,
FR,FR614,FR614,FR614,FRI14,NUTS3,FRA_1,
FR,FR613,FR613,FR613,FRI13,NUTS3,FRA_1,
FR,FR612,FR612,FR612,FRI12,NUTS3,FRA_1,
FR,FR611,FR611,FR611,FRI11,NUTS3,FRA_1,
FR,FR534,FR534,FR534,FRI34,NUTS3,FRA_4,
FR,FR533,FR533,FR533,FRI33,NUTS3,FRA_4,
FR,FR532,FR532,FR532,FRI32,NUTS3,FRA_4,
FR,FR531,FR531,FR531,FRI31,NUTS3,FRA_4,
FR,FR524,FR524,FR524,FRH04,NUTS3,FRA_8,
FR,FR523,FR523,FR523,FRH03,NUTS3,FRA_8,
FR,FR522,FR522,FR522,FRH02,NUTS3,FRA_8,
FR,FR521,FR521,FR521,FRH01,NUTS3,FRA_8,
FR,FR515,FR515,FR515,FRG05,NUTS3,FRA_4,
FR,FR513,FR513,FR513,FRG03,NUTS3,FRA_8,
FR,FR632,FR632,FR632,FRI22,NUTS3,FRA_5,
FR,FR711,FR711,FR711,FRK21,NUTS3,FRA_7,
FR,FR712,FR712,FR712,FRK22,NUTS3,FRA_6,
FR,FR812,FR812,FR812,FRJ12,NUTS3,FRA_3,
FR,FR813,FR813,FR813,FRJ13,NUTS3,FRA_2,
FR,FR814,FR814,FR814,FRJ14,NUTS3,FRA_2,
FR,FR815,FR815,FR815,FRJ15,NUTS3,FRA_2,
FR,FR821,FR821,FR821,FRL01,NUTS3,FRA_3,
FR,FR822,FR822,FR822,FRL02,NUTS3,FRA_7,
FR,FR823,FR823,FR823,FRL03,NUTS3,FRA_3,
FR,FR824,FR824,FR824,FRL04,NUTS3,FRA_3,
FR,FR825,FR825,FR825,FRL05,NUTS3,FRA_3,
FR,FR826,FR826,FR826,FRL06,NUTS3,FRA_3,
FR,FR831,FR831,FR831,FRM01,NUTS3,FRA_15,
FR,FR633,FR633,FR633,FRI23,NUTS3,FRA_5,
FR,FR832,FR832,FR832,FRM02,NUTS3,FRA_15,
FR,FR811,FR811,FR811,FRJ11,NUTS3,FRA_2,
FR,FR724,FR724,FR724,FRK14,NUTS3,FRA_5,
FR,FR723,FR723,FR723,FRK13,NUTS3,FRA_6,
FR,FR722,FR722,FR722,FRK12,NUTS3,FRA_2,
FR,FR721,FR721,FR721,FRK11,NUTS3,FRA_5,
FR,FR718,FR718,FR718,FRK28,NUTS3,FRA_7,
FR,FR717,FR717,FR717,FRK27,NUTS3,FRA_7,
FR,FR716,FR716,FR716,FRK26,NUTS3,FRA_6,
FR,FR715,FR715,FR715,FRK25,NUTS3,FRA_6,
FR,FR714,FR714,FR714,FRK24,NUTS3,FRA_7,
FR,FR713,FR713,FR713,FRK23,NUTS3,FRA_6,
FR,FR512,FR512,FR512,FRG02,NUTS3,FRA_4,
FR,FR511,FR511,FR511,FRG01,NUTS3,FRA_8,
FR,FR301,FR301,FR301,FRE11,NUTS3,FRA_13,
FR,FR433,FR433,FR433,FRC23,NUTS3,FRA_12,
FR,FR241,FR241,FR241,FRB01,NUTS3,FRA_5,
FR,FR232,FR232,FR232,FRD22,NUTS3,FRA_13,
FR,FR231,FR231,FR231,FRD21,NUTS3,FRA_9,
FR,FR223,FR223,FR223,FRE23,NUTS3,FRA_13,
FR,FR222,FR222,FR222,FRE22,NUTS3,FRA_13,
FR,FR221,FR221,FR221,FRE21,NUTS3,FRA_13,
FR,FR214,FR214,FR214,FRF24,NUTS3,FRA_11,
FR,FR213,FR213,FR213,FRF23,NUTS3,FRA_14,
FR,FR242,FR242,FR242,FRB02,NUTS3,FRA_5,
FR,FR212,FR212,FR212,FRF22,NUTS3,FRA_11,
FR,FR108,FR108,FR108,FR108,NUTS3,FRA_10,
FR,FR107,FR107,FR107,FR107,NUTS3,FRA_10,
FR,FR106,FR106,FR106,FR106,NUTS3,FRA_10,
FR,FR105,FR105,FR105,FR105,NUTS3,FRA_10,
FR,FR104,FR104,FR104,FR104,NUTS3,FRA_10,
FR,FR102,FR102,FR102,FR102,NUTS3,FRA_10,
FR,FR101,FR101,FR101,FR101,NUTS3,FRA_10,
FR,FR434,FR434,FR434,FRC24,NUTS3,FRA_12,
FR,FR211,FR211,FR211,FRF21,NUTS3,FRA_14,
FR,FR243,FR243,FR243,FRB03,NUTS3,FRA_5,
FR,FR103,FR103,FR103,FR103,NUTS3,FRA_10,
FR,FR245,FR245,FR245,FRB05,NUTS3,FRA_5,
FR,FR244,FR244,FR244,FRB04,NUTS3,FRA_4,
FR,FR432,FR432,FR432,FRC22,NUTS3,FRA_7,
FR,FR431,FR431,FR431,FRC21,NUTS3,FRA_12,
FR,FR421,FR421,FR421,FRF11,NUTS3,FRA_12,
FR,FR414,FR414,FR414,FRF34,NUTS3,FRA_12,
FR,FR413,FR413,FR413,FRF33,NUTS3,FRA_12,
FR,FR412,FR412,FR412,FRF32,NUTS3,FRA_12,
FR,FR411,FR411,FR411,FRF31,NUTS3,FRA_12,
FR,FR302,FR302,FR302,FRE12,NUTS3,FRA_13,
FR,FR422,FR422,FR422,FRF12,NUTS3,FRA_12,
FR,FR264,FR264,FR264,FRC14,NUTS3,FRA_11,
FR,FR263,FR263,FR263,FRC13,NUTS3,FRA_11,
FR,FR262,FR262,FR262,FRC12,NUTS3,FRA_5,
FR,FR261,FR261,FR261,FRC11,NUTS3,FRA_11,
FR,FR253,FR253,FR253,FRD13,NUTS3,FRA_9,
FR,FR252,FR252,FR252,FRD12,NUTS3,FRA_9,
FR,FR251,FR251,FR251,FRD11,NUTS3,FRA_9,
FR,FR246,FR246,FR246,FRB06,NUTS3,FRA_5,
GR,,,EL305,EL305,NUTS3,GRC_2,
GR,,,EL304,EL304,NUTS3,GRC_2,
GR,,,EL303,EL303,NUTS3,GRC_2,
GR,,,EL302,EL302,NUTS3,GRC_2,
GR,,,EL301,EL301,NUTS3,GRC_2,
GR,GR131,EL131,,,NUTS3,GRC_1,
GR,GR133,EL133,,,NUTS3,GRC_1,
GR,GR214,EL214,,,NUTS3,GRC_1,
GR,GR141,EL141,,,NUTS3,GRC_1,
GR,GR255,EL255,,,NUTS3,GRC_2,
GR,GR144,EL144,,,NUTS3,GRC_1,
GR,GR251,EL251,,,NUTS3,GRC_2,
GR,GR252,EL252,,,NUTS3,GRC_2,
GR,,,EL306,EL306,NUTS3,GRC_2,
GR,GR254,EL254,,,NUTS3,GRC_2,
GR,GR211,EL211,,,NUTS3,GRC_1,
GR,,,EL307,EL307,NUTS3,GRC_2,
GR,GR124,EL124,EL524,EL524,NUTS3,GRC_1,
GR,GR112,EL112,EL512,EL512,NUTS3,GRC_1,
GR,GR213,EL213,EL543,EL543,NUTS3,GRC_1,
GR,GR300,EL300,,,NUTS3,GRC_2,
GR,GR212,EL212,EL542,EL542,NUTS3,GRC_1,
GR,,,EL541,EL541,NUTS3,GRC_1,
GR,GR134,EL134,EL533,EL533,NUTS3,GRC_1,
GR,GR132,EL132,EL532,EL532,NUTS3,GRC_1,
GR,,,EL531,EL531,NUTS3,GRC_1,
GR,GR111,EL111,EL511,EL511,NUTS3,GRC_1,
GR,GR127,EL127,EL527,EL527,NUTS3,GRC_1,
GR,GR125,EL125,EL525,EL525,NUTS3,GRC_1,
GR,GR123,EL123,EL523,EL523,NUTS3,GRC_1,
GR,GR122,EL122,EL522,EL522,NUTS3,GRC_1,
GR,GR121,EL121,EL521,EL521,NUTS3,GRC_1,
GR,GR115,EL115,EL515,EL515,NUTS3,GRC_1,
GR,GR114,EL114,EL514,EL514,NUTS3,GRC_1,
GR,GR113,EL113,EL513,EL513,NUTS3,GRC_1,
GR,GR126,EL126,EL526,EL526,NUTS3,GRC_1,
GR,,,EL611,EL611,NUTS3,GRC_1,
GR,GR142,EL142,EL612,EL612,NUTS3,GRC_1,
GR,GR242,EL242,EL642,EL642,NUTS3,GRC_2,
GR,GR244,EL244,EL644,EL644,NUTS3,GRC_2,
GR,GR243,EL243,EL643,EL643,NUTS3,GRC_2,
GR,GR253,EL253,EL652,EL652,NUTS3,GRC_2,
GR,GR241,EL241,EL641,EL641,NUTS3,GRC_2,
GR,GR233,EL233,EL633,EL633,NUTS3,GRC_2,
GR,GR232,EL232,EL632,EL632,NUTS3,GRC_2,
GR,GR231,EL231,EL631,EL631,NUTS3,GRC_1,
GR,GR143,EL143,EL613,EL613,NUTS3,GRC_2,
GR,,,EL653,EL653,NUTS3,GRC_2,
GR,GR245,EL245,EL645,EL645,NUTS3,GRC_2,
GR,,,EL651,EL651,NUTS3,GRC_2,
HR,,,,,NUTS0,HRV_1,
HU,,,,,NUTS0,HUN_1,
IE,,,,,NUTS0,IRL_1,
IS,,,,,NUTS0,ISL_1,Added to the modelled system
IT,ITE42,ITI42,ITI42,ITI42,NUTS3,ITA_3,
IT,ITE43,ITI43,ITI43,ITI43,NUTS3,ITA_3,
IT,ITE44,ITI44,ITI44,ITI44,NUTS3,ITA_3,
IT,ITE45,ITI45,ITI45,ITI45,NUTS3,ITA_3,
IT,ITF41,,,,NUTS3,ITA_4,
IT,ITF42,,,,NUTS3,ITA_4,
IT,ITC45,,,,NUTS3,ITA_1,
IT,,ITC4C,ITC4C,ITC4C,NUTS3,ITA_1,
IT,ITF12,ITF12,ITF12,ITF12,NUTS3,ITA_3,
IT,ITE41,ITI41,ITI41,ITI41,NUTS3,ITA_3,
IT,,ITI35,ITI35,ITI35,NUTS3,ITA_2,
IT,ITE34,ITI34,ITI34,ITI34,NUTS3,ITA_2,
IT,ITE33,ITI33,ITI33,ITI33,NUTS3,ITA_2,
IT,ITE32,ITI32,ITI32,ITI32,NUTS3,ITA_2,
IT,ITE31,ITI31,ITI31,ITI31,NUTS3,ITA_2,
IT,ITE22,ITI22,ITI22,ITI22,NUTS3,ITA_2,
IT,ITE21,ITI21,ITI21,ITI21,NUTS3,ITA_2,
IT,ITE1A,ITI1A,ITI1A,ITI1A,NUTS3,ITA_2,
IT,ITE19,ITI19,ITI19,ITI19,NUTS3,ITA_2,
IT,ITE18,ITI18,ITI18,ITI18,NUTS3,ITA_2,
IT,ITE16,ITI16,ITI16,ITI16,NUTS3,ITA_2,
IT,ITC4B,ITC4B,ITC4B,ITC4B,NUTS3,ITA_1,
IT,ITC4A,ITC4A,ITC4A,ITC4A,NUTS3,ITA_1,
IT,ITC41,ITC41,ITC41,ITC41,NUTS3,ITA_1,
IT,ITC48,ITC48,ITC48,ITC48,NUTS3,ITA_1,
IT,ITC33,ITC33,ITC33,ITC33,NUTS3,ITA_1,
IT,ITC32,ITC32,ITC32,ITC32,NUTS3,ITA_1,
IT,ITC31,ITC31,ITC31,ITC31,NUTS3,ITA_1,
IT,ITC20,ITC20,ITC20,ITC20,NUTS3,ITA_1,
IT,ITC18,ITC18,ITC18,ITC18,NUTS3,ITA_1,
IT,ITC17,ITC17,ITC17,ITC17,NUTS3,ITA_1,
IT,ITC16,ITC16,ITC16,ITC16,NUTS3,ITA_1,
IT,ITC15,ITC15,ITC15,ITC15,NUTS3,ITA_1,
IT,ITC14,ITC14,ITC14,ITC14,NUTS3,ITA_1,
IT,ITC13,ITC13,ITC13,ITC13,NUTS3,ITA_1,
IT,ITC12,ITC12,ITC12,ITC12,NUTS3,ITA_1,
IT,ITC11,ITC11,ITC11,ITC11,NUTS3,ITA_1,
IT,,ITC4D,ITC4D,ITC4D,NUTS3,ITA_1,
IT,ITC34,ITC34,ITC34,ITC34,NUTS3,ITA_1,
IT,ITE15,ITI15,ITI15,ITI15,NUTS3,ITA_2,
IT,ITF11,ITF11,ITF11,ITF11,NUTS3,ITA_3,
IT,ITC42,ITC42,ITC42,ITC42,NUTS3,ITA_1,
IT,ITC43,ITC43,ITC43,ITC43,NUTS3,ITA_1,
IT,ITC44,ITC44,ITC44,ITC44,NUTS3,ITA_1,
IT,ITC46,ITC46,ITC46,ITC46,NUTS3,ITA_1,
IT,ITC47,ITC47,ITC47,ITC47,NUTS3,ITA_1,
IT,ITC49,ITC49,ITC49,ITC49,NUTS3,ITA_1,
IT,ITE14,ITI14,ITI14,ITI14,NUTS3,ITA_2,
IT,ITE17,ITI17,ITI17,ITI17,NUTS3,ITA_2,
IT,ITE12,ITI12,ITI12,ITI12,NUTS3,ITA_2,
IT,ITE13,ITI13,ITI13,ITI13,NUTS3,ITA_2,
IT,ITG16,ITG16,ITG16,ITG16,NUTS3,ITA_5,
IT,ITG15,ITG15,ITG15,ITG15,NUTS3,ITA_5,
IT,ITG14,ITG14,ITG14,ITG14,NUTS3,ITA_5,
IT,ITG13,ITG13,ITG13,ITG13,NUTS3,ITA_5,
IT,ITG12,ITG12,ITG12,ITG12,NUTS3,ITA_5,
IT,ITG11,ITG11,ITG11,ITG11,NUTS3,ITA_5,
IT,ITF65,ITF65,ITF65,ITF65,NUTS3,ITA_4,
IT,ITF64,ITF64,ITF64,ITF64,NUTS3,ITA_4,
IT,ITF63,ITF63,ITF63,ITF63,NUTS3,ITA_4,
IT,ITF62,ITF62,ITF62,ITF62,NUTS3,ITA_4,
IT,ITF61,ITF61,ITF61,ITF61,NUTS3,ITA_4,
IT,ITF52,ITF52,ITF52,ITF52,NUTS3,ITA_4,
IT,ITF51,ITF51,ITF51,ITF51,NUTS3,ITA_4,
IT,,ITF48,ITF48,ITF48,NUTS3,ITA_4,
IT,,ITF47,ITF47,ITF47,NUTS3,ITA_4,
IT,,ITF46,ITF46,ITF46,NUTS3,ITA_4,
IT,ITF45,ITF45,ITF45,ITF45,NUTS3,ITA_4,
IT,ITF44,ITF44,ITF44,ITF44,NUTS3,ITA_4,
IT,ITF43,ITF43,ITF43,ITF43,NUTS3,ITA_4,
IT,ITF35,ITF35,ITF35,ITF35,NUTS3,ITA_3,
IT,ITF34,ITF34,ITF34,ITF34,NUTS3,ITA_3,
IT,ITF33,ITF33,ITF33,ITF33,NUTS3,ITA_3,
IT,ITF32,ITF32,ITF32,ITF32,NUTS3,ITA_3,
IT,ITF31,ITF31,ITF31,ITF31,NUTS3,ITA_3,
IT,ITF22,ITF22,ITF22,ITF22,NUTS3,ITA_4,
IT,ITF21,ITF21,ITF21,ITF21,NUTS3,ITA_4,
IT,ITF14,ITF14,ITF14,ITF14,NUTS3,ITA_3,
IT,ITF13,ITF13,ITF13,ITF13,NUTS3,ITA_3,
IT,ITG18,ITG18,ITG18,ITG18,NUTS3,ITA_5,
IT,ITG19,ITG19,ITG19,ITG19,NUTS3,ITA_5,
IT,ITG17,ITG17,ITG17,ITG17,NUTS3,ITA_5,
IT,ITG26,ITG26,ITG26,ITG26,NUTS3,ITA_6,
IT,ITE11,ITI11,ITI11,ITI11,NUTS3,ITA_2,
IT,ITD59,ITH59,ITH59,ITH59,NUTS3,ITA_1,
IT,ITD58,ITH58,ITH58,ITH58,NUTS3,ITA_1,
IT,ITD57,ITH57,ITH57,ITH57,NUTS3,ITA_1,
IT,ITD56,ITH56,ITH56,ITH56,NUTS3,ITA_1,
IT,ITD55,ITH55,ITH55,ITH55,NUTS3,ITA_1,
IT,ITD54,ITH54,ITH54,ITH54,NUTS3,ITA_1,
IT,ITD53,ITH53,ITH53,ITH53,NUTS3,ITA_1,
IT,ITD52,ITH52,ITH52,ITH52,NUTS3,ITA_1,
IT,ITD51,ITH51,ITH51,ITH51,NUTS3,ITA_1,
IT,ITG25,ITG25,ITG25,ITG25,NUTS3,ITA_6,
IT,ITD43,ITH43,ITH43,ITH43,NUTS3,ITA_1,
IT,ITD42,ITH42,ITH42,ITH42,NUTS3,ITA_1,
IT,ITD41,ITH41,ITH41,ITH41,NUTS3,ITA_1,
IT,ITD44,ITH44,ITH44,ITH44,NUTS3,ITA_1,
IT,ITD36,ITH36,ITH36,ITH36,NUTS3,ITA_1,
IT,ITG27,ITG27,ITG27,ITG27,NUTS3,ITA_6,
IT,ITG28,ITG28,ITG28,ITG28,NUTS3,ITA_6,
IT,ITD37,ITH37,ITH37,ITH37,NUTS3,ITA_1,
IT,ITG2A,ITG2A,ITG2A,ITG2A,NUTS3,ITA_6,
IT,ITG2B,ITG2B,ITG2B,ITG2B,NUTS3,ITA_6,
IT,ITG2C,ITG2C,ITG2C,ITG2C,NUTS3,ITA_6,
IT,ITG29,ITG29,ITG29,ITG29,NUTS3,ITA_6,
IT,ITD20,ITH20,ITH20,ITH20,NUTS3,ITA_1,
IT,ITD31,ITH31,ITH31,ITH31,NUTS3,ITA_1,
IT,ITD32,ITH32,ITH32,ITH32,NUTS3,ITA_1,
IT,ITD33,ITH33,ITH33,ITH33,NUTS3,ITA_1,
IT,ITD34,ITH34,ITH34,ITH34,NUTS3,ITA_1,
IT,ITD35,ITH35,ITH35,ITH35,NUTS3,ITA_1,
IT,ITD10,ITH10,ITH10,ITH10,NUTS3,ITA_1,
LT,,,,,NUTS0,LTU_1,
LU,,,,,NUTS0,LUX_1,
LV,,,,,NUTS0,LVA_1,
LY,,,,,GADM,LBY_1,Outside the modelled system
MA,,,,,GADM,MAR_1,Outside the modelled system
ME,,,,,NUTS0,MNE_1,
MK,,,,,NUTS0,MKD_1,
NL,,,,,NUTS0,NLD_1,
NO,NO012,NO012,NO012,NO012,NUTS3,NOR_4,
NO,NO072,NO072,NO072,NO072,NUTS3,NOR_6,
NO,NO011,NO011,NO011,NO011,NUTS3,NOR_4,
NO,NO073,NO073,NO073,NO073,NUTS3,NOR_7,
NO,NO021,NO021,NO021,NO021,NUTS3,NOR_4,
NO,NO022,NO022,NO022,NO022,NUTS3,NOR_4,
NO,NO031,NO031,NO031,NO031,NUTS3,NOR_4,
NO,NO033,NO033,NO033,NO033,NUTS3,NOR_2,
NO,NO034,NO034,NO034,NO034,NUTS3,NOR_2,
NO,NO041,NO041,NO041,NO041,NUTS3,NOR_1,
NO,NO032,NO032,NO032,NO032,NUTS3,NOR_2,
NO,NO043,NO043,NO043,NO043,NUTS3,NOR_1,
NO,NO051,NO051,NO051,NO051,NUTS3,NOR_3,
NO,NO052,NO052,NO052,NO052,NUTS3,NOR_3,
NO,NO053,NO053,NO053,NO053,NUTS3,NOR_5,
NO,NO061,NO061,NO061,,NUTS3,NOR_5,
NO,NO062,NO062,NO062,,NUTS3,NOR_6,
NO,,,,NO060,NUTS3,NOR_5,"Merged from NO-61 and NO062; almost equally NOR_5 and NOR_6"
NO,NO071,NO071,NO071,NO071,NUTS3,NOR_6,
NO,NO042,NO042,NO042,NO042,NUTS3,NOR_1,
PL,PL422,PL422,,,NUTS3,POL_5,
PL,,,,PL926,NUTS3,POL_1,
PL,PL615,PL615,,,NUTS3,POL_5,
PL,PL614,PL614,,,NUTS3,POL_5,
PL,PL631,PL631,,,NUTS3,POL_5,
PL,PL635,PL635,,,NUTS3,POL_5,
PL,PL425,PL425,,,NUTS3,POL_4,
PL,,,PL638,PL638,NUTS3,POL_5,
PL,PL216,PL216,,,NUTS3,POL_3,
PL,PL215,PL215,,,NUTS3,POL_3,
PL,PL522,PL522,,,NUTS3,POL_3,
PL,PL521,PL521,,,NUTS3,POL_3,
PL,PL114,PL114,PL114,PL712,NUTS3,POL_1,
PL,PL122,PL122,,,NUTS3,POL_1,
PL,PL423,PL423,,,NUTS3,POL_4,
PL,,,PL637,PL637,NUTS3,POL_5,
PL,PL345,PL345,PL345,PL843,NUTS3,POL_1,
PL,PL634,PL634,PL634,PL634,NUTS3,POL_5,
PL,PL314,PL314,PL314,PL814,NUTS3,POL_2,
PL,PL315,PL315,PL315,PL815,NUTS3,POL_2,
PL,PL323,PL323,PL323,PL821,NUTS3,POL_2,
PL,PL324,PL324,PL324,PL822,NUTS3,POL_2,
PL,PL325,PL325,PL325,PL823,NUTS3,POL_2,
PL,PL326,PL326,PL326,PL824,NUTS3,POL_2,
PL,PL331,PL331,PL331,PL721,NUTS3,POL_2,
PL,PL332,PL332,PL332,PL722,NUTS3,POL_2,
PL,PL343,PL343,PL343,PL841,NUTS3,POL_1,
PL,PL344,PL344,PL344,PL842,NUTS3,POL_1,
PL,PL411,PL411,PL411,PL411,NUTS3,POL_4,
PL,PL312,PL312,PL312,PL812,NUTS3,POL_2,
PL,PL414,PL414,PL414,PL414,NUTS3,POL_4,
PL,PL416,PL416,PL416,PL416,NUTS3,POL_4,
PL,PL417,PL417,PL417,PL417,NUTS3,POL_4,
PL,PL418,PL418,PL418,PL418,NUTS3,POL_4,
PL,PL424,PL424,PL424,PL424,NUTS3,POL_4,
PL,,,PL426,PL426,NUTS3,POL_4,
PL,,,PL427,PL427,NUTS3,POL_4,
PL,,,PL428,PL428,NUTS3,POL_4,
PL,PL431,PL431,PL431,PL431,NUTS3,POL_4,
PL,PL432,PL432,PL432,PL432,NUTS3,POL_4,
PL,PL514,PL514,PL514,PL514,NUTS3,POL_4,
PL,PL515,PL515,PL515,PL515,NUTS3,POL_4,
PL,PL415,PL415,PL415,PL415,NUTS3,POL_4,
PL,PL516,PL516,PL516,PL516,NUTS3,POL_4,
PL,PL311,PL311,PL311,PL811,NUTS3,POL_2,
PL,PL22B,PL22B,PL22B,PL22B,NUTS3,POL_3,
PL,PL115,PL115,PL115,PL713,NUTS3,POL_1,
PL,PL116,PL116,PL116,PL714,NUTS3,POL_1,
PL,PL117,PL117,PL117,PL715,NUTS3,POL_1,
PL,PL121,PL121,,,NUTS3,POL_1,
PL,PL127,PL127,PL127,PL911,NUTS3,POL_1,
PL,PL128,PL128,PL128,PL921,NUTS3,POL_2,
PL,PL129,PL129,PL129,PL912,NUTS3,POL_1,
PL,PL12A,PL12A,PL12A,PL913,NUTS3,POL_1,
PL,,,PL12B,PL922,NUTS3,POL_1,
PL,,,PL12C,PL923,NUTS3,POL_1,
PL,,,PL12D,PL924,NUTS3,POL_1,
PL,PL22C,PL22C,PL22C,PL22C,NUTS3,POL_3,
PL,,,PL12E,PL925,NUTS3,POL_1,
PL,PL214,PL214,PL214,PL214,NUTS3,POL_3,
PL,PL217,PL217,PL217,PL217,NUTS3,POL_3,
PL,,,PL218,PL218,NUTS3,POL_3,
PL,,,PL219,PL219,NUTS3,POL_3,
PL,,,PL21A,PL21A,NUTS3,POL_3,
PL,PL224,PL224,PL224,PL224,NUTS3,POL_3,
PL,PL225,PL225,PL225,PL225,NUTS3,POL_3,
PL,PL227,PL227,PL227,PL227,NUTS3,POL_3,
PL,PL228,PL228,PL228,PL228,NUTS3,POL_3,
PL,PL229,PL229,PL229,PL229,NUTS3,POL_3,
PL,PL22A,PL22A,PL22A,PL22A,NUTS3,POL_3,
PL,PL213,PL213,PL213,PL213,NUTS3,POL_3,
PL,,,PL636,PL636,NUTS3,POL_5,
PL,PL517,PL517,PL517,PL517,NUTS3,POL_4,
PL,,,PL523,PL523,NUTS3,POL_3,
PL,PL633,PL633,PL633,PL633,NUTS3,POL_5,
PL,PL623,PL623,PL623,PL623,NUTS3,POL_1,
PL,PL518,PL518,PL518,PL518,NUTS3,POL_4,
PL,PL622,PL622,PL622,PL622,NUTS3,POL_5,
PL,PL621,PL621,PL621,PL621,NUTS3,POL_5,
PL,PL113,PL113,PL113,PL711,NUTS3,POL_1,
PL,,,PL618,PL618,NUTS3,POL_5,
PL,,,PL617,PL617,NUTS3,POL_5,
PL,,,PL524,PL524,NUTS3,POL_3,
PL,PL613,PL613,PL613,PL613,NUTS3,POL_5,
PL,,,PL616,PL616,NUTS3,POL_5,
PL,,,PL619,PL619,NUTS3,POL_5,
PT,,,PT170,PT170,NUTS3,PRT_2,
PT,,,PT16J,PT16J,NUTS3,PRT_1,
PT,,,PT16I,PT16I,NUTS3,PRT_2,
PT,,,PT16H,PT16H,NUTS3,PRT_1,
PT,,,PT16G,PT16G,NUTS3,PRT_1,
PT,,,PT16F,PT16F,NUTS3,PRT_2,
PT,,,PT16E,PT16E,NUTS3,PRT_1,
PT,,,PT16D,PT16D,NUTS3,PRT_1,
PT,,,PT11E,PT11E,NUTS3,PRT_1,
PT,PT150,PT150,PT150,PT150,NUTS3,PRT_2,
PT,,,PT11D,PT11D,NUTS3,PRT_1,
PT,,,PT11C,PT11C,NUTS3,PRT_1,
PT,,,PT11B,PT11B,NUTS3,PRT_1,
PT,,,PT11A,PT11A,NUTS3,PRT_1,
PT,,,PT119,PT119,NUTS3,PRT_1,
PT,PT112,PT112,PT112,PT112,NUTS3,PRT_1,
PT,PT111,PT111,PT111,PT111,NUTS3,PRT_1,
PT,PT183,PT183,,,NUTS3,PRT_2,
PT,PT16B,PT16B,PT16B,PT16B,NUTS3,PRT_2,
PT,PT181,PT181,PT181,PT181,NUTS3,PRT_2,
PT,PT184,PT184,PT184,PT184,NUTS3,PRT_2,
PT,PT185,PT185,PT185,PT185,NUTS3,PRT_2,
PT,PT113,PT113,,,NUTS3,PRT_1,
PT,PT114,PT114,,,NUTS3,PRT_1,
PT,PT115,PT115,,,NUTS3,PRT_1,
PT,PT116,PT116,,,NUTS3,PRT_1,
PT,PT117,PT117,,,NUTS3,PRT_1,
PT,PT118,PT118,,,NUTS3,PRT_1,
PT,PT161,PT161,,,NUTS3,PRT_1,
PT,PT162,PT162,,,NUTS3,PRT_1,
PT,PT163,PT163,,,NUTS3,PRT_2,
PT,PT182,PT182,,,NUTS3,PRT_2,
PT,PT164,PT164,,,NUTS3,PRT_1,
PT,PT166,PT166,,,NUTS3,PRT_2,
PT,PT167,PT167,,,NUTS3,PRT_1,
PT,PT168,PT168,,,NUTS3,PRT_1,
PT,PT169,PT169,,,NUTS3,PRT_1,
PT,PT16A,PT16A,,,NUTS3,PRT_1,
PT,PT16C,PT16C,,,NUTS3,PRT_2,
PT,PT171,PT171,,,NUTS3,PRT_2,
PT,PT172,PT172,,,NUTS3,PRT_2,
PT,,,PT186,PT186,NUTS3,PRT_2,
PT,PT165,PT165,,,NUTS3,PRT_1,
PT,,,PT187,PT187,NUTS3,PRT_2,
RO,RO423,RO423,RO423,RO423,NUTS3,ROU_2,
RO,RO413,RO413,RO413,RO413,NUTS3,ROU_2,
RO,RO223,RO223,RO223,RO223,NUTS3,ROU_3,
RO,RO222,RO222,RO222,RO222,NUTS3,ROU_3,
RO,RO216,RO216,RO216,RO216,NUTS3,ROU_3,
RO,RO215,RO215,RO215,RO215,NUTS3,ROU_3,
RO,RO214,RO214,RO214,RO214,NUTS3,ROU_3,
RO,RO213,RO213,RO213,RO213,NUTS3,ROU_3,
RO,RO224,RO224,RO224,RO224,NUTS3,ROU_3,
RO,RO212,RO212,RO212,RO212,NUTS3,ROU_3,
RO,RO126,RO126,RO126,RO126,NUTS3,ROU_1,
RO,RO125,RO125,RO125,RO125,NUTS3,ROU_1,
RO,RO124,RO124,RO124,RO124,NUTS3,ROU_1,
RO,RO123,RO123,RO123,RO123,NUTS3,ROU_1,
RO,RO122,RO122,RO122,RO122,NUTS3,ROU_2,
RO,RO121,RO121,RO121,RO121,NUTS3,ROU_1,
RO,RO211,RO211,RO211,RO211,NUTS3,ROU_3,
RO,RO225,RO225,RO225,RO225,NUTS3,ROU_3,
RO,RO226,RO226,RO226,RO226,NUTS3,ROU_3,
RO,RO311,RO311,RO311,RO311,NUTS3,ROU_2,
RO,RO424,RO424,RO424,RO424,NUTS3,ROU_1,
RO,RO422,RO422,RO422,RO422,NUTS3,ROU_2,
RO,RO421,RO421,RO421,RO421,NUTS3,ROU_1,
RO,RO415,RO415,RO415,RO415,NUTS3,ROU_2,
RO,RO414,RO414,RO414,RO414,NUTS3,ROU_2,
RO,RO412,RO412,RO412,RO412,NUTS3,ROU_2,
RO,RO411,RO411,RO411,RO411,NUTS3,ROU_2,
RO,RO322,RO322,RO322,RO322,NUTS3,ROU_2,
RO,RO321,RO321,RO321,RO321,NUTS3,ROU_2,
RO,RO317,RO317,RO317,RO317,NUTS3,ROU_2,
RO,RO316,RO316,RO316,RO316,NUTS3,ROU_2,
RO,RO315,RO315,RO315,RO315,NUTS3,ROU_3,
RO,RO314,RO314,RO314,RO314,NUTS3,ROU_2,
RO,RO313,RO313,RO313,RO313,NUTS3,ROU_2,
RO,RO312,RO312,RO312,RO312,NUTS3,ROU_3,
RO,RO116,RO116,RO116,RO116,NUTS3,ROU_1,
RO,RO115,RO115,RO115,RO115,NUTS3,ROU_1,
RO,RO221,RO221,RO221,RO221,NUTS3,ROU_3,
RO,RO113,RO113,RO113,RO113,NUTS3,ROU_1,
RO,RO111,RO111,RO111,RO111,NUTS3,ROU_1,
RO,RO114,RO114,RO114,RO114,NUTS3,ROU_1,
RO,RO112,RO112,RO112,RO112,NUTS3,ROU_1,
RS,,,,,GADM,SRB_1,
RU,,,,,GADM,RUS_1,Outside the modelled system
SE,SE322,SE322,SE322,SE322,NUTS3,SWE_2,
SE,SE121,SE121,SE121,SE121,NUTS3,SWE_3,
SE,SE122,SE122,SE122,SE122,NUTS3,SWE_3,
SE,SE123,SE123,SE123,SE123,NUTS3,SWE_3,
SE,SE124,SE124,SE124,SE124,NUTS3,SWE_3,
SE,SE125,SE125,SE125,SE125,NUTS3,SWE_3,
SE,SE211,SE211,SE211,SE211,NUTS3,SWE_3,
SE,SE212,SE212,SE212,SE212,NUTS3,SWE_4,
SE,SE213,SE213,SE213,SE213,NUTS3,SWE_3,
SE,SE221,SE221,SE221,SE221,NUTS3,SWE_4,
SE,SE110,SE110,SE110,SE110,NUTS3,SWE_3,
SE,SE231,SE231,SE231,SE231,NUTS3,SWE_4,
SE,SE232,SE232,SE232,SE232,NUTS3,SWE_3,
SE,SE311,SE311,SE311,SE311,NUTS3,SWE_3,
SE,SE312,SE312,SE312,SE312,NUTS3,SWE_3,
SE,SE313,SE313,SE313,SE313,NUTS3,SWE_2,
SE,SE321,SE321,SE321,SE321,NUTS3,SWE_2,
SE,SE214,SE214,SE214,SE214,NUTS3,SWE_3,
SE,SE224,SE224,SE224,SE224,NUTS3,SWE_4,
SE,SE332,SE332,SE332,SE332,NUTS3,SWE_1,
SE,SE331,SE331,SE331,SE331,NUTS3,SWE_2,
SI,,,,,NUTS0,SVN_1,
SK,,,,,NUTS0,SVK_1,
TN,,,,,GADM,TUN_1,Outside the modelled system
TR,,,,,GADM,TUR_1,Outside the modelled system
UA,,,,,GADM,UKR_1,Outside the modelled system
UK,,,UKD35,UKD35,NUTS3,GBR_3,
UK,,,UKD34,UKD34,NUTS3,GBR_3,
UK,,,UKD33,UKD33,NUTS3,GBR_3,
UK,UKD12,UKD12,UKD12,UKD12,NUTS3,GBR_4,
UK,UKN04,UKN04,UKN04,,NUTS3,GBR_6,
UK,UKC23,UKC23,UKC23,UKC23,NUTS3,GBR_4,
UK,UKC22,UKC22,UKC22,UKC22,NUTS3,GBR_4,
UK,UKC21,UKC21,UKC21,UKC21,NUTS3,GBR_4,
UK,UKC14,UKC14,UKC14,UKC14,NUTS3,GBR_4,
UK,UKC13,UKC13,UKC13,UKC13,NUTS3,GBR_4,
UK,UKD11,UKD11,UKD11,UKD11,NUTS3,GBR_4,
UK,,,UKD36,UKD36,NUTS3,GBR_3,
UK,,,UKD37,UKD37,NUTS3,GBR_3,
UK,UKD41,UKD41,UKD41,UKD41,NUTS3,GBR_3,
UK,UKN03,UKN03,UKN03,,NUTS3,GBR_6,
UK,UKN02,UKN02,UKN02,,NUTS3,GBR_6,
UK,UKN01,UKN01,UKN01,UKN06,NUTS3,GBR_6,
UK,UKC12,UKC12,UKC12,UKC12,NUTS3,GBR_4,
UK,,UKD63,UKD63,UKD63,NUTS3,GBR_3,
UK,UKM65,UKM65,UKM65,UKM65,NUTS3,GBR_5,
UK,UKM64,UKM64,UKM64,UKM64,NUTS3,GBR_5,
UK,UKN05,UKN05,UKN05,,NUTS3,GBR_6,
UK,UKM63,UKM63,UKM63,UKM63,NUTS3,GBR_5,
UK,,UKD62,UKD62,UKD62,NUTS3,GBR_3,
UK,,UKD61,UKD61,UKD61,NUTS3,GBR_3,
UK,,,UKD47,UKD47,NUTS3,GBR_3,
UK,,,UKD46,UKD46,NUTS3,GBR_3,
UK,,,UKD45,UKD45,NUTS3,GBR_3,
UK,,,UKD44,UKD44,NUTS3,GBR_3,
UK,UKD42,UKD42,UKD42,UKD42,NUTS3,GBR_3,
UK,UKM62,UKM62,UKM62,UKM62,NUTS3,GBR_5,
UK,UKM66,UKM66,UKM66,UKM66,NUTS3,GBR_5,
UK,UKD52,UKD72,UKD72,UKD72,NUTS3,GBR_3,
UK,UKM61,UKM61,UKM61,UKM61,NUTS3,GBR_5,
UK,,,,UKN14,NUTS3,GBR_6,
UK,,,,UKN13,NUTS3,GBR_6,
UK,,,,UKN12,NUTS3,GBR_6,
UK,,,,UKN11,NUTS3,GBR_6,
UK,,,,UKN10,NUTS3,GBR_6,
UK,,,,UKN09,NUTS3,GBR_6,
UK,,,,UKN08,NUTS3,GBR_6,
UK,,,,UKN07,NUTS3,GBR_6,
UK,UKG34,,,,NUTS3,GBR_3,
UK,UKD22,,,,NUTS3,GBR_3,
UK,UKE43,,,,NUTS3,GBR_3,
UK,UKD21,,,,NUTS3,GBR_3,
UK,UKD51,,,,NUTS3,GBR_3,
UK,UKD31,UKD31,,,NUTS3,GBR_3,
UK,UKG35,,,,NUTS3,GBR_3,
UK,UKD43,UKD43,,,NUTS3,GBR_3,
UK,UKD32,UKD32,,,NUTS3,GBR_3,
UK,,,,UKN15,NUTS3,GBR_6,
UK,UKH22,,,,NUTS3,GBR_1,
UK,UKH33,UKH33,,,NUTS3,GBR_1,
UK,UKF23,,,,NUTS3,GBR_1,
UK,UKH13,UKH13,,,NUTS3,GBR_1,
UK,UKI21,UKI21,,,NUTS3,GBR_1,
UK,UKC11,UKC11,UKC11,UKC11,NUTS3,GBR_4,
UK,UKI12,UKI12,,,NUTS3,GBR_1,
UK,UKJ23,UKJ23,,,NUTS3,GBR_1,
UK,UKJ24,UKJ24,,,NUTS3,GBR_1,
UK,UKI22,UKI22,,,NUTS3,GBR_1,
UK,UKJ33,UKJ33,,,NUTS3,GBR_1,
UK,UKJ42,UKJ42,,,NUTS3,GBR_1,
UK,UKI23,UKI23,,,NUTS3,GBR_1,
UK,UKI11,UKI11,,,NUTS3,GBR_1,
UK,UKM50,UKM50,UKM50,UKM50,NUTS3,GBR_5,
UK,UKM38,UKM38,UKM38,UKM95,NUTS3,GBR_4,
UK,UKM37,UKM37,UKM37,UKM94,NUTS3,GBR_4,
UK,,UKG37,UKG37,UKG37,NUTS3,GBR_3,
UK,,UKG38,UKG38,UKG38,NUTS3,GBR_3,
UK,,UKG39,UKG39,UKG39,NUTS3,GBR_3,
UK,UKH11,UKH11,UKH11,UKH11,NUTS3,GBR_1,
UK,UKH12,UKH12,UKH12,UKH12,NUTS3,GBR_1,
UK,UKH14,UKH14,UKH14,UKH14,NUTS3,GBR_1,
UK,,,UKH15,UKH15,NUTS3,GBR_1,
UK,,,UKH16,UKH16,NUTS3,GBR_1,
UK,,,UKH17,UKH17,NUTS3,GBR_1,
UK,UKH21,UKH21,UKH21,UKH21,NUTS3,GBR_1,
UK,UKH23,UKH23,UKH23,UKH23,NUTS3,GBR_1,
UK,,UKH24,UKH24,UKH24,NUTS3,GBR_1,
UK,,UKH25,UKH25,UKH25,NUTS3,GBR_1,
UK,UKH31,UKH31,UKH31,UKH31,NUTS3,GBR_1,
UK,,UKG36,UKG36,UKG36,NUTS3,GBR_3,
UK,UKH32,UKH32,UKH32,UKH32,NUTS3,GBR_1,
UK,,,UKH35,UKH35,NUTS3,GBR_1,
UK,,,UKH36,UKH36,NUTS3,GBR_1,
UK,,,UKH37,UKH37,NUTS3,GBR_1,
UK,,,UKI31,UKI31,NUTS3,GBR_1,
UK,,,UKI32,UKI32,NUTS3,GBR_1,
UK,,,UKI33,UKI33,NUTS3,GBR_1,
UK,,,UKI34,UKI34,NUTS3,GBR_1,
UK,,,UKI41,UKI41,NUTS3,GBR_1,
UK,,,UKI42,UKI42,NUTS3,GBR_1,
UK,,,UKI43,UKI43,NUTS3,GBR_1,
UK,,,UKI44,UKI44,NUTS3,GBR_1,
UK,,,UKI45,UKI45,NUTS3,GBR_1,
UK,,,UKI51,UKI51,NUTS3,GBR_1,
UK,,,UKI52,UKI52,NUTS3,GBR_1,
UK,,,UKH34,UKH34,NUTS3,GBR_1,
UK,UKG33,UKG33,UKG33,UKG33,NUTS3,GBR_3,
UK,UKG32,UKG32,UKG32,UKG32,NUTS3,GBR_3,
UK,UKG31,UKG31,UKG31,UKG31,NUTS3,GBR_3,
UK,UKD53,UKD73,UKD73,UKD73,NUTS3,GBR_3,
UK,UKD54,UKD74,UKD74,UKD74,NUTS3,GBR_3,
UK,UKE11,UKE11,UKE11,UKE11,NUTS3,GBR_4,
UK,UKE12,UKE12,UKE12,UKE12,NUTS3,GBR_4,
UK,UKE13,UKE13,UKE13,UKE13,NUTS3,GBR_3,
UK,UKE21,UKE21,UKE21,UKE21,NUTS3,GBR_4,
UK,UKE22,UKE22,UKE22,UKE22,NUTS3,GBR_4,
UK,UKE31,UKE31,UKE31,UKE31,NUTS3,GBR_3,
UK,UKE32,UKE32,UKE32,UKE32,NUTS3,GBR_3,
UK,UKE41,UKE41,UKE41,UKE41,NUTS3,GBR_3,
UK,UKE42,UKE42,UKE42,UKE42,NUTS3,GBR_3,
UK,,UKE44,UKE44,UKE44,NUTS3,GBR_3,
UK,,UKE45,UKE45,UKE45,NUTS3,GBR_3,
UK,UKF11,UKF11,UKF11,UKF11,NUTS3,GBR_3,
UK,UKF12,UKF12,UKF12,UKF12,NUTS3,GBR_3,
UK,UKF13,UKF13,UKF13,UKF13,NUTS3,GBR_3,
UK,UKF14,UKF14,UKF14,UKF14,NUTS3,GBR_3,
UK,UKG24,UKG24,UKG24,UKG24,NUTS3,GBR_3,
UK,UKG23,UKG23,UKG23,UKG23,NUTS3,GBR_3,
UK,UKG22,UKG22,UKG22,UKG22,NUTS3,GBR_3,
UK,UKG21,UKG21,UKG21,UKG21,NUTS3,GBR_3,
UK,UKG13,UKG13,UKG13,UKG13,NUTS3,GBR_3,
UK,UKG12,UKG12,UKG12,UKG12,NUTS3,GBR_3,
UK,,,UKI53,UKI53,NUTS3,GBR_1,
UK,UKG11,UKG11,UKG11,UKG11,NUTS3,GBR_3,
UK,,UKF25,UKF25,UKF25,NUTS3,GBR_1,
UK,,UKF24,UKF24,UKF24,NUTS3,GBR_1,
UK,UKF22,UKF22,UKF22,UKF22,NUTS3,GBR_3,
UK,UKF21,UKF21,UKF21,UKF21,NUTS3,GBR_3,
UK,UKF16,UKF16,UKF16,UKF16,NUTS3,GBR_3,
UK,UKF15,UKF15,UKF15,UKF15,NUTS3,GBR_3,
UK,UKF30,UKF30,UKF30,UKF30,NUTS3,GBR_3,
UK,,UKD71,UKD71,UKD71,NUTS3,GBR_3,
UK,,,UKI54,UKI54,NUTS3,GBR_1,
UK,,,UKI62,UKI62,NUTS3,GBR_1,
UK,UKK30,UKK30,UKK30,UKK30,NUTS3,GBR_2,
UK,UKK41,UKK41,UKK41,UKK41,NUTS3,GBR_2,
UK,UKK42,UKK42,UKK42,UKK42,NUTS3,GBR_2,
UK,UKK43,UKK43,UKK43,UKK43,NUTS3,GBR_2,
UK,UKL11,UKL11,UKL11,UKL11,NUTS3,GBR_3,
UK,UKL12,UKL12,UKL12,UKL12,NUTS3,GBR_3,
UK,UKL13,UKL13,UKL13,UKL13,NUTS3,GBR_3,
UK,UKL14,UKL14,UKL14,UKL14,NUTS3,GBR_3,
UK,UKL15,UKL15,UKL15,UKL15,NUTS3,GBR_3,
UK,UKL16,UKL16,UKL16,UKL16,NUTS3,GBR_3,
UK,UKL17,UKL17,UKL17,UKL17,NUTS3,GBR_3,
UK,UKL18,UKL18,UKL18,UKL18,NUTS3,GBR_3,
UK,UKL21,UKL21,UKL21,UKL21,NUTS3,GBR_3,
UK,UKL22,UKL22,UKL22,UKL22,NUTS3,GBR_3,
UK,UKK23,UKK23,UKK23,UKK23,NUTS3,GBR_2,
UK,UKL23,UKL23,UKL23,UKL23,NUTS3,GBR_3,
UK,UKM21,UKM21,UKM21,UKM71,NUTS3,GBR_5,
UK,UKM22,UKM22,UKM22,UKM72,NUTS3,GBR_5,
UK,UKM23,UKM23,UKM23,UKM73,NUTS3,GBR_4,
UK,UKM24,UKM24,UKM24,UKM91,NUTS3,GBR_4,
UK,UKM25,UKM25,UKM25,UKM75,NUTS3,GBR_4,
UK,UKM26,UKM26,UKM26,UKM76,NUTS3,GBR_5,
UK,UKM27,UKM27,UKM27,UKM77,NUTS3,GBR_5,
UK,UKM28,UKM28,UKM28,UKM78,NUTS3,GBR_4,
UK,UKM31,UKM31,UKM31,UKM81,NUTS3,GBR_5,
UK,UKM32,UKM32,UKM32,UKM92,NUTS3,GBR_4,
UK,UKM33,UKM33,UKM33,UKM93,NUTS3,GBR_4,
UK,UKM34,UKM34,UKM34,UKM82,NUTS3,GBR_5,
UK,UKM35,UKM35,UKM35,UKM83,NUTS3,GBR_5,
UK,UKM36,UKM36,UKM36,UKM84,NUTS3,GBR_5,
UK,UKL24,UKL24,UKL24,UKL24,NUTS3,GBR_3,
UK,UKK22,UKK22,UKK22,UKK22,NUTS3,GBR_2,
UK,UKK21,UKK21,UKK21,UKK21,NUTS3,GBR_2,
UK,UKK15,UKK15,UKK15,UKK15,NUTS3,GBR_2,
UK,,,UKI63,UKI63,NUTS3,GBR_1,
UK,,,UKI71,UKI71,NUTS3,GBR_1,
UK,,,UKI72,UKI72,NUTS3,GBR_1,
UK,,,UKI73,UKI73,NUTS3,GBR_1,
UK,,,UKI74,UKI74,NUTS3,GBR_1,
UK,,,UKI75,UKI75,NUTS3,GBR_1,
UK,UKJ11,UKJ11,UKJ11,UKJ11,NUTS3,GBR_1,
UK,UKJ12,UKJ12,UKJ12,UKJ12,NUTS3,GBR_1,
UK,UKJ13,UKJ13,UKJ13,UKJ13,NUTS3,GBR_1,
UK,UKJ14,UKJ14,UKJ14,UKJ14,NUTS3,GBR_1,
UK,UKJ21,UKJ21,UKJ21,UKJ21,NUTS3,GBR_1,
UK,UKJ22,UKJ22,UKJ22,UKJ22,NUTS3,GBR_1,
UK,,,UKJ25,UKJ25,NUTS3,GBR_1,
UK,,,UKJ26,UKJ26,NUTS3,GBR_1,
UK,,,UKJ27,UKJ27,NUTS3,GBR_1,
UK,,,UKJ28,UKJ28,NUTS3,GBR_1,
UK,UKJ31,UKJ31,UKJ31,UKJ31,NUTS3,GBR_1,
UK,UKK14,UKK14,UKK14,UKK14,NUTS3,GBR_2,
UK,UKK13,UKK13,UKK13,UKK13,NUTS3,GBR_2,
UK,UKK12,UKK12,UKK12,UKK12,NUTS3,GBR_2,
UK,UKK11,UKK11,UKK11,UKK11,NUTS3,GBR_2,
UK,,,UKJ46,UKJ46,NUTS3,GBR_1,
UK,,,UKJ45,UKJ45,NUTS3,GBR_1,
UK,,,UKI61,UKI61,NUTS3,GBR_1,
UK,,,UKJ44,UKJ44,NUTS3,GBR_1,
UK,UKJ41,UKJ41,UKJ41,UKJ41,NUTS3,GBR_1,
UK,,,UKJ37,UKJ37,NUTS3,GBR_1,
UK,,,UKJ36,UKJ36,NUTS3,GBR_1,
UK,,,UKJ35,UKJ35,NUTS3,GBR_1,
UK,UKJ34,UKJ34,UKJ34,UKJ34,NUTS3,GBR_1,
UK,UKJ32,UKJ32,UKJ32,UKJ32,NUTS3,GBR_1,
UK,,,UKJ43,UKJ43,NUTS3,GBR_1,
UK,,,,UKN16,NUTS3,GBR_6,
